tree
version=v4
num_class=1
num_tree_per_iteration=1
label_index=0
max_feature_idx=16
objective=regression
feature_names=hour dayofweek day month year is_weekend hour_sin hour_cos month_sin month_cos demand_lag_1 demand_lag_24 demand_lag_168 demand_roll_mean_24 demand_roll_std_24 demand_roll_mean_168 demand_roll_std_168
feature_infos=[8:20] [0:6] [1:31] [1:12] [2024:2025] [0:1] [-1:0.86602540378443871] [-0.9659258262890682:0.50000000000000011] [-0.50000000000000044:1] [-0.86602540378443871:1] [7296:16150] [8560:16230] [7183:16150] [7695.083333333333:14778.541666666666] [609.08253646782828:2045.7071803540114] [8280.2797619047615:14245.160714285714] [920.1137149064474:1864.7854380509511]
tree_sizes=1199 1138 1143 1140 1223 1133 1224 1145 1221 1136 1211 1139 1212 1221 1224 1139 1215 1213 1214 1146 1138 1217 1298 1135 1128 1144 1136 1201 1204 1129 1282 1205 1129 1199 1205 1126 1211 1278 1205 1205 1120 1209 1275 1144 1128 1137 1205 1115 1124 1122 1120 1125 1192 1125 1197 1194 1105 1051 1201 1196 1118 1198 1108 1271 1268 1191 1267 1196 1183 1268 1192 1190 1188 1278 1111 1111 1352 1112 1179 1106 1101 1269 1181 1188 1186 1180 1263 1105 1179 1258 1104 1105 1178 1101 1188 1098 1101 1176 1103 1181 1103 1181 1186 1180 1191 1180 1186 1266 1196 1184 1106 1190 1187 1273 1029 1104 1111 1190 950 1101 1186 1034 1189 1110 1108 1190 1037 875 961 1188 959 1030 1111 802 800 1030 1113 1032 796 1268 876 1184 1113 803 954 1186 1035 799 1027 961 1034 1030 1185 1032 1187 793 1260 800 805 1106 948 1042 800 1037 957 877 882 1104 960 967 1268 877 808 1103 1032 1038 1038 1273 1026 804 1040 1188 1035 1115 1191 1033 958 1030 1044 961 806 1112 810 879 1120 1195 958 964 963 886 1197 1032 969 1119 968 964 1038 1194 1112 1037 960 1113 1035 956 957 1036 1040 1117 1273 1119 959 961 1043 1268 960 964 885 1035 1042 1278 1194 967 1117 1202 1116 1197 885 1114 886 1269 1186 1042 1119 885 1039 1044 1126 1032 963 963 887 1188 887 886 1115 810 961 1195 888 809 965 967 972 1195 964 1043 963 883 809 965 889 963 964 1197 968 1289 811 966

Tree=0
num_leaves=13
num_cat=0
split_feature=10 10 10 10 10 10 0 10 3 10 13 14
split_gain=7.64688e+08 1.19313e+08 8.06081e+07 2.20863e+07 1.69413e+07 1.43092e+07 3.64969e+06 3.23151e+06 2.57866e+06 2.47184e+06 2.0241e+06 426494
threshold=11188.500000000002 13646.000000000002 9426.5000000000018 12620.000000000002 10522.500000000002 8798.0000000000018 14.000000000000002 11990.500000000002 1.5000000000000002 10815.000000000002 13276.125000000002 972.11642593117529
decision_type=2 2 2 2 2 2 2 2 2 2 2 2
left_child=2 3 5 7 8 -1 -7 -2 -4 -6 -3 -10
right_child=1 10 4 -5 9 6 -8 -9 11 -11 -12 -13
leaf_value=11444.641512988759 11543.178425592529 11618.085422079668 11487.042425741778 11581.605327549994 11510.215425280199 11466.691884310454 11481.358579024531 11558.522425741778 11501.288512459467 11523.132425069438 11631.582422079669 11495.298425673114
leaf_weight=22 30 20 30 31 30 37 26 21 23 24 20 20
leaf_count=22 30 20 30 31 30 37 26 21 23 24 20 20
internal_value=11522.5 11582.4 11488.1 11561.6 11503.2 11465.5 11472.7 11549.5 11493.8 11516 11624.8 11498.5
internal_weight=334 122 212 82 127 85 63 51 73 54 40 43
internal_count=334 122 212 82 127 85 63 51 73 54 40 43
is_linear=0
shrinkage=1


Tree=1
num_leaves=12
num_cat=0
split_feature=10 10 10 10 10 10 10 0 10 6 10
split_gain=7.19762e+08 9.79399e+07 8.7259e+07 2.26304e+07 1.86882e+07 1.34636e+07 3.46068e+06 3.434e+06 2.61805e+06 2.68926e+06 2.09615e+06
threshold=11542.000000000002 13830.000000000002 9426.5000000000018 10615.500000000002 12747.500000000002 8798.0000000000018 10815.000000000002 14.000000000000002 10235.000000000002 -0.9159756150367534 11990.500000000002
decision_type=2 2 2 2 2 2 2 2 2 2 2
left_child=2 4 5 8 10 -1 -5 -7 9 -4 -2
right_child=1 -3 3 6 -6 7 -8 -9 -10 -11 -12
leaf_value=-75.540156305486505 22.83179037911551 101.61680598078547 -23.968626669178835 -10.848962976932524 60.024482028099797 -54.151297376478034 4.1229237521778455 -39.92460275503305 -20.187235698084677 -38.182895727539062 35.810265731811526
leaf_weight=22 21 37 23 24 31 37 33 26 31 25 24
leaf_count=22 21 37 23 24 31 37 33 26 31 25 24
internal_value=-3.42637e-07 61.5884 -31.4909 -16.588 42.101 -55.3355 -2.18103 -48.28 -26.983 -31.3719 29.7536
internal_weight=334 113 221 136 76 85 57 63 79 48 45
internal_count=334 113 221 136 76 85 57 63 79 48 45
is_linear=0
shrinkage=0.03


Tree=2
num_leaves=12
num_cat=0
split_feature=13 13 13 0 7 0 6 13 13 12 12
split_gain=6.07989e+08 7.48828e+07 6.40493e+07 3.59387e+07 2.26621e+07 1.36189e+07 9.74189e+06 9.68178e+06 7.35453e+06 2.51516e+06 1.19485e+06
threshold=11040.020833333336 9563.2708333333358 12563.47916666667 17.500000000000004 -0.83651630373780772 17.500000000000004 -0.9159756150367534 8771.7083333333339 8953.5833333333339 10318.500000000002 8410.0000000000018
decision_type=2 2 2 2 2 2 2 2 2 2 2
left_child=1 4 5 -4 8 -2 -3 -6 9 -1 -9
right_child=2 6 3 -5 7 -7 -8 10 -10 -11 -12
leaf_value=-69.182129699707033 15.513366775879494 9.1823694585984743 52.651932552706803 97.974724617004398 -44.454632364908854 45.665874644688195 -13.911670166015623 -27.610988289969306 -42.391992931365962 -54.482621737393458 -18.214759818767678
leaf_weight=20 26 31 31 32 27 28 35 21 32 22 29
leaf_count=20 26 31 31 32 27 28 35 21 32 22 29
internal_value=6.34136e-07 -29.7207 55.123 75.673 -41.3718 31.148 -3.06447 -29.9784 -53.2271 -61.4824 -22.1612
internal_weight=334 217 117 63 151 54 66 77 74 42 50
internal_count=334 217 117 63 151 54 66 77 74 42 50
is_linear=0
shrinkage=0.03


Tree=3
num_leaves=12
num_cat=0
split_feature=13 13 13 0 0 6 0 13 13 13 5
split_gain=5.7313e+08 9.0919e+07 3.94463e+07 3.38147e+07 1.99623e+07 1.27462e+07 1.2171e+07 7.82802e+06 4.50718e+06 3.6024e+06 1.28121e+06
threshold=10428.625000000002 12563.47916666667 8985.7083333333358 17.500000000000004 17.500000000000004 -0.9159756150367534 14.000000000000002 9563.2708333333358 9563.2708333333358 8660.2291666666679 1.0000000180025095e-35
decision_type=2 2 2 2 2 2 2 2 2 2 2
left_child=2 4 6 -3 -2 8 10 -7 -4 -8 -1
right_child=1 3 5 -5 -6 7 9 -9 -10 -11 -12
leaf_value=-54.368419342041008 8.8314574838973368 51.072374621975804 -17.697612097955517 95.035480556488039 39.788834513614049 -40.538835983276364 -45.3118359375 -17.593754031969155 0.057344154011119496 -28.143785996870559 -64.649467895507811
leaf_weight=24 37 31 31 32 38 32 22 23 22 22 20
leaf_count=24 37 31 31 32 38 32 22 23 22 22 20
internal_value=8.07982e-08 46.8342 -32.9751 73.4028 24.5165 -20.8265 -47.8847 -30.9436 -10.3276 -36.7278 -59.0416
internal_weight=334 138 196 63 75 108 88 55 53 44 44
internal_count=334 138 196 63 75 108 88 55 53 44 44
is_linear=0
shrinkage=0.03


Tree=4
num_leaves=13
num_cat=0
split_feature=10 10 10 10 10 10 10 0 13 10 6 10
split_gain=6.05282e+08 1.0026e+08 6.10403e+07 1.92334e+07 1.1734e+07 1.1452e+07 3.33191e+06 2.8212e+06 1.83906e+06 1.50084e+06 2.24817e+06 1.25957e+06
threshold=11149.000000000002 13646.000000000002 9426.5000000000018 12747.500000000002 8798.0000000000018 10522.500000000002 11990.500000000002 14.000000000000002 13276.125000000002 10235.000000000002 -0.9159756150367534 10815.000000000002
decision_type=2 2 2 2 2 2 2 2 2 2 2 2
left_child=2 3 4 6 -1 9 -2 -6 -3 10 -4 -7
right_child=1 8 5 -5 7 11 -8 -9 -10 -11 -12 -13
leaf_value=-69.676986194957379 17.60245775049383 84.954403564453131 -21.765259512196415 54.150860203334261 -49.549591988228464 -10.846466382980347 32.293172149658204 -36.654598952073314 97.819677246093747 -19.469383905029296 -34.761633325195312 -1.2668755054473877
leaf_weight=22 33 20 23 28 37 30 24 26 20 25 25 21
leaf_count=22 33 20 23 28 37 30 24 26 20 25 25 21
internal_value=-2.98951e-08 52.221 -31.2326 33.7899 -50.8147 -17.8095 23.788 -44.2278 91.387 -25.4298 -28.5342 -6.90193
internal_weight=334 125 209 85 85 124 57 63 40 73 48 51
internal_count=334 125 209 85 85 124 57 63 40 73 48 51
is_linear=0
shrinkage=0.03


Tree=5
num_leaves=12
num_cat=0
split_feature=13 13 13 0 0 0 13 6 13 5 13
split_gain=5.07734e+08 6.21496e+07 5.32226e+07 3.04168e+07 1.88423e+07 1.11766e+07 8.51774e+06 8.2899e+06 6.35344e+06 919395 529483
threshold=11040.020833333336 9563.2708333333358 12563.47916666667 17.500000000000004 14.000000000000002 17.500000000000004 8771.7083333333339 -0.9159756150367534 8953.5833333333339 1.0000000180025095e-35 9097.9791666666679
decision_type=2 2 2 2 2 2 2 2 2 2 2
left_child=1 4 5 -4 8 -2 -6 -3 9 -1 -8
right_child=2 7 3 -5 6 -7 10 -9 -10 -11 -12
leaf_value=-51.949859952059661 14.355184549184944 8.4217781602182686 47.927617507442349 89.623426609039299 -40.776739841037326 41.670509687151231 -22.72477631202111 -12.881822809491839 -38.591559892134228 -60.837175781250004 -16.476004983653194
leaf_weight=22 26 31 31 32 27 28 26 35 33 20 23
leaf_count=22 26 31 31 32 27 28 26 35 33 20 23
internal_value=8.73726e-09 -27.16 50.3736 69.1064 -37.7743 28.5187 -27.2469 -2.87559 -48.4422 -56.1819 -19.7917
internal_weight=334 217 117 63 151 54 76 66 75 42 49
internal_count=334 217 117 63 151 54 76 66 75 42 49
is_linear=0
shrinkage=0.03


Tree=6
num_leaves=13
num_cat=0
split_feature=10 10 10 10 10 10 10 0 13 4 10 10
split_gain=5.38555e+08 8.99695e+07 5.45441e+07 1.7339e+07 1.06312e+07 1.00357e+07 2.84514e+06 2.48371e+06 1.71479e+06 1.29612e+06 3.62798e+06 1.10453e+06
threshold=11149.000000000002 13646.000000000002 9426.5000000000018 12747.500000000002 8798.0000000000018 10522.500000000002 11990.500000000002 14.000000000000002 13276.125000000002 2024.5000000000002 10030.000000000002 10815.000000000002
decision_type=2 2 2 2 2 2 2 2 2 2 2 2
left_child=2 3 4 6 -1 9 -2 -6 -3 -4 -11 -7
right_child=1 8 5 -5 7 11 -8 -9 -10 10 -12 -13
leaf_value=-65.925554310191757 16.586455528952857 80.14864489746094 -17.398212318420409 51.131087036132811 -46.695170634501686 -10.255009487152099 30.1616975402832 -34.596029240534854 92.571646362304676 -34.063511623806427 -18.362658594571624 -1.2843503706795827
leaf_weight=22 33 20 20 28 37 30 24 26 20 27 26 21
leaf_count=22 33 20 20 28 37 30 24 26 20 27 26 21
internal_value=-1.7663e-07 49.2585 -29.4608 31.7989 -47.9715 -16.772 22.3023 -41.7019 86.3601 -23.9056 -26.3612 -6.56121
internal_weight=334 125 209 85 85 124 57 63 40 73 53 51
internal_count=334 125 209 85 85 124 57 63 40 73 53 51
is_linear=0
shrinkage=0.03


Tree=7
num_leaves=12
num_cat=0
split_feature=10 10 10 10 10 10 0 10 10 14 10
split_gain=5.07045e+08 7.10335e+07 6.20126e+07 1.54356e+07 1.38062e+07 1.00029e+07 2.33692e+06 2.31522e+06 1.68295e+06 1.90305e+06 1.30188e+06
threshold=11542.000000000002 13830.000000000002 9426.5000000000018 10615.500000000002 12747.500000000002 8798.0000000000018 14.000000000000002 10815.000000000002 10235.000000000002 990.57612659863037 11990.500000000002
decision_type=2 2 2 2 2 2 2 2 2 2 2
left_child=2 4 5 8 10 -1 -7 -5 9 -4 -2
right_child=1 -3 3 7 -6 6 -8 -9 -10 -11 -12
leaf_value=-63.947787863991479 19.028696223667691 85.781986182960296 -19.998062496185302 -9.059040063619614 50.501952534337192 -45.294314921611061 -33.558148850661055 3.1868975049799135 -17.004059143066407 -31.944975204467774 29.256847648620603
leaf_weight=22 21 37 24 24 31 37 26 33 31 24 24
leaf_count=22 21 37 24 24 31 37 26 33 31 24 24
internal_value=1.32515e-07 51.6926 -26.431 -13.8677 35.0964 -46.5324 -40.4508 -1.96929 -22.4526 -25.9715 24.4837
internal_weight=334 113 221 136 76 85 63 57 79 48 45
internal_count=334 113 221 136 76 85 63 57 79 48 45
is_linear=0
shrinkage=0.03


Tree=8
num_leaves=13
num_cat=0
split_feature=10 10 10 10 10 10 10 0 13 4 10 10
split_gain=4.77238e+08 7.96341e+07 4.82168e+07 1.5264e+07 9.35357e+06 8.94559e+06 2.48551e+06 2.09066e+06 1.59931e+06 1.30512e+06 3.50934e+06 942474
threshold=11149.000000000002 13646.000000000002 9403.5000000000018 12747.500000000002 10522.500000000002 8798.0000000000018 11990.500000000002 14.000000000000002 13276.125000000002 2024.5000000000002 10030.000000000002 10815.000000000002
decision_type=2 2 2 2 2 2 2 2 2 2 2 2
left_child=2 3 5 6 9 -1 -2 -7 -3 -4 -11 -6
right_child=1 8 4 -5 11 7 -8 -9 -10 10 -12 -13
leaf_value=-62.029354414506393 15.690820749456231 75.276565429687494 -16.461676995413644 48.082095729282919 -9.6279179677963249 -44.398406250000001 28.379141654968258 -33.039560375976556 87.273960205078112 -32.428466081290409 -17.249938694880559 -1.341426865713937
leaf_weight=22 33 20 21 28 30 35 24 25 20 29 26 21
leaf_count=22 33 20 21 28 30 35 24 25 20 29 26 21
internal_value=2.92098e-08 46.3696 -27.733 29.9435 -16.1545 -45.6656 21.0333 -39.6656 81.2753 -22.8239 -25.2532 -6.21583
internal_weight=334 125 209 85 127 82 57 60 40 76 55 51
internal_count=334 125 209 85 127 82 57 60 40 76 55 51
is_linear=0
shrinkage=0.03


Tree=9
num_leaves=12
num_cat=0
split_feature=10 10 10 10 10 10 0 10 3 10 12
split_gain=4.49168e+08 6.30334e+07 5.48754e+07 1.36418e+07 1.21207e+07 8.85141e+06 2.06925e+06 2.02197e+06 1.58377e+06 1.13274e+06 243048
threshold=11542.000000000002 13830.000000000002 9426.5000000000018 10615.500000000002 12747.500000000002 8798.0000000000018 14.000000000000002 10815.000000000002 1.5000000000000002 11990.500000000002 10091.000000000002
decision_type=2 2 2 2 2 2 2 2 2 2 2
left_child=2 4 5 8 9 -1 -7 -5 -4 -2 -10
right_child=1 -3 3 7 -6 6 -8 -9 10 -11 -12
leaf_value=-60.16847251198508 17.987110290527344 80.76540467958192 -26.144346313476561 -8.4984314572811126 47.453870278635335 -42.622944401921451 -31.579346008300782 2.9457269807295363 -19.80916074579412 27.527767372131347 -15.44370711326599
leaf_weight=22 21 37 33 24 31 37 26 33 22 24 24
leaf_count=22 21 37 33 24 31 37 26 33 22 24 24
internal_value=1.50846e-07 48.653 -24.8769 -13.0586 33.0193 -43.7861 -38.0653 -1.87287 -21.1293 23.0755 -17.5315
internal_weight=334 113 221 136 76 85 63 57 79 45 46
internal_count=334 113 221 136 76 85 63 57 79 45 46
is_linear=0
shrinkage=0.03


Tree=10
num_leaves=13
num_cat=0
split_feature=10 10 10 10 10 10 10 0 3 15 14 12
split_gain=4.2291e+08 7.0481e+07 4.26716e+07 1.34374e+07 8.26879e+06 7.90921e+06 2.17062e+06 1.85058e+06 1.76125e+06 882029 344393 266882
threshold=11149.000000000002 13646.000000000002 9403.5000000000018 12747.500000000002 10522.500000000002 8798.0000000000018 11990.500000000002 14.000000000000002 1.5000000000000002 9556.961309523811 972.11642593117529 11860.000000000002
decision_type=2 2 2 2 2 2 2 2 2 2 2 2
left_child=2 3 5 6 8 -1 -2 -7 -4 -6 -10 -3
right_child=1 11 4 -5 9 7 -8 -9 10 -11 -12 -13
leaf_value=-58.363418135209514 14.844570555253462 78.939471679687486 -26.840383071899414 45.216017892020083 -10.781642985820771 -41.787765380859376 26.701934318542481 -31.100993334960936 -15.167601723670959 -2.7008860421949819 -20.49792958831787 74.038512268066398
leaf_weight=22 33 20 32 28 20 35 24 25 24 31 20 20
leaf_count=22 33 20 32 28 20 35 24 25 24 31 20 20
internal_value=-2.16718e-08 43.6506 -26.1068 28.1972 -15.2144 -42.9767 19.8371 -37.3349 -21.4852 -5.86981 -17.5905 76.489
internal_weight=334 125 209 85 127 82 57 60 76 51 44 40
internal_count=334 125 209 85 127 82 57 60 76 51 44 40
is_linear=0
shrinkage=0.03


Tree=11
num_leaves=12
num_cat=0
split_feature=10 10 10 10 10 10 10 0 10 6 15
split_gain=3.97916e+08 6.63388e+07 4.01498e+07 1.43297e+07 7.7801e+06 7.44178e+06 2.04234e+06 1.74121e+06 1.15979e+06 1.82703e+06 829902
threshold=11149.000000000002 13830.000000000002 9403.5000000000018 12747.500000000002 10522.500000000002 8798.0000000000018 11990.500000000002 14.000000000000002 10235.000000000002 -0.9159756150367534 9556.961309523811
decision_type=2 2 2 2 2 2 2 2 2 2 2
left_child=2 3 5 6 8 -1 -2 -7 9 -4 -6
right_child=1 -3 4 -5 10 7 -8 -9 -10 -11 -12
leaf_value=-56.612516867897725 14.39923370361328 76.045785505964943 -17.412709298133848 44.585351641255038 -10.458193680882454 -40.534133789062501 25.90087665557861 -30.167963415527343 -15.547414263153074 -28.788766682942708 -2.6198594653221869
leaf_weight=22 33 37 24 31 20 35 24 25 25 27 31
leaf_count=22 33 37 24 31 20 35 24 25 25 27 31
internal_value=-5.91692e-08 42.3411 -25.3236 28.1698 -14.758 -41.6874 19.242 -36.2149 -20.8406 -23.4353 -5.69372
internal_weight=334 125 209 88 127 82 57 60 76 51 51
internal_count=334 125 209 88 127 82 57 60 76 51 51
is_linear=0
shrinkage=0.03


Tree=12
num_leaves=13
num_cat=0
split_feature=10 10 10 10 10 10 10 10 3 10 11 6
split_gain=3.74626e+08 5.31236e+07 4.56804e+07 1.40391e+07 1.13323e+07 7.36402e+06 1.75027e+06 1.70486e+06 1.35817e+06 922542 782249 353556
threshold=11542.000000000002 14116.500000000002 9426.5000000000018 12747.500000000002 10615.500000000002 8798.0000000000018 9165.0000000000018 10815.000000000002 1.5000000000000002 12063.500000000002 13280.500000000002 -0.9159756150367534
decision_type=2 2 2 2 2 2 2 2 2 2 2 2
left_child=2 3 5 9 8 -1 -7 -6 -4 -2 -5 -10
right_child=1 -3 4 10 7 6 -8 -9 11 -11 -12 -13
leaf_value=-54.914141401811072 17.114119453430174 80.271853899274547 -23.936332175514913 41.363514862060548 -7.825170707702636 -39.521071999289774 -29.508943695068357 2.6833255663785063 -13.549975687408446 25.724161115373882 49.754129699707029 -18.830166495186941
leaf_weight=22 24 28 33 20 24 33 30 33 25 21 20 21
leaf_count=22 24 28 33 20 24 33 30 33 25 21 20 21
internal_value=1.47848e-07 44.4328 -22.7191 32.627 -11.9363 -39.9715 -34.7534 -1.7413 -19.2922 21.1321 45.5588 -15.9605
internal_weight=334 113 221 85 136 85 63 57 79 45 40 46
internal_count=334 113 221 85 136 85 63 57 79 45 40 46
is_linear=0
shrinkage=0.03


Tree=13
num_leaves=13
num_cat=0
split_feature=10 10 10 10 10 10 6 10 10 13 12 15
split_gain=3.52615e+08 5.88914e+07 3.55536e+07 1.10612e+07 9.32547e+06 4.34763e+06 2.32605e+06 1.84232e+06 1.79182e+06 1.46956e+06 805902 267362
threshold=11149.000000000002 13646.000000000002 9243.5000000000018 12747.500000000002 10235.000000000002 8798.0000000000018 -0.9159756150367534 10710.500000000002 11990.500000000002 13276.125000000002 10091.000000000002 9432.9494047619064
decision_type=2 2 2 2 2 2 2 2 2 2 2 2
left_child=2 3 5 8 6 -1 -4 11 -2 -3 -7 -6
right_child=1 9 4 -5 7 10 -8 -9 -10 -11 -12 -13
leaf_value=-53.266717029918318 13.611259749152442 64.125192810058593 -17.679888153970239 41.173191571916853 -15.252772430419922 -32.648354230608255 -28.725230267498944 -3.4453954243659974 24.384413070678708 75.625630554199219 -40.959633091517851 -10.347409090013242
leaf_weight=22 33 20 32 28 20 21 37 36 24 20 21 20
leaf_count=22 33 20 32 28 20 21 37 36 24 20 21 20
internal_value=5.34116e-09 39.8581 -23.8386 25.7323 -15.6181 -42.4631 -23.6028 -8.36892 18.1473 69.8754 -36.804 -12.8001
internal_weight=334 125 209 85 145 64 69 76 57 40 42 40
internal_count=334 125 209 85 145 64 69 76 57 40 42 40
is_linear=0
shrinkage=0.03


Tree=14
num_leaves=13
num_cat=0
split_feature=10 10 10 10 10 10 6 10 10 3 10 10
split_gain=3.3187e+08 4.79736e+07 4.05363e+07 1.34958e+07 1.00075e+07 6.49506e+06 1.62955e+06 1.51092e+06 1.26075e+06 1.42276e+06 1.11005e+06 810231
threshold=11542.000000000002 14348.500000000002 9426.5000000000018 12747.500000000002 10615.500000000002 8798.0000000000018 1.0000000180025095e-35 10815.000000000002 10235.000000000002 1.5000000000000002 13336.500000000002 12063.500000000002
decision_type=2 2 2 2 2 2 2 2 2 2 2 2
left_child=2 3 5 11 8 -1 -7 -6 9 -4 -5 -2
right_child=1 -3 4 10 7 6 -8 -9 -10 -11 -12 -13
leaf_value=-51.668714988014912 16.15195852279663 78.494159619140618 -27.295315795898439 38.71107005726207 -7.3726158356666565 -26.979092137263372 -36.779343938054261 2.5201150075955825 -13.422521576804499 -16.818875377178191 48.35392037527901 24.220903625488283
leaf_weight=22 24 25 20 22 24 26 37 33 31 28 21 21
leaf_count=22 24 25 20 22 24 26 37 33 31 28 21 21
internal_value=2.73146e-08 41.8205 -21.3833 31.4018 -11.2258 -37.6353 -32.7348 -1.64525 -18.1384 -21.1841 43.4204 19.9175
internal_weight=334 113 221 88 136 85 63 57 79 48 43 45
internal_count=334 113 221 88 136 85 63 57 79 48 43 45
is_linear=0
shrinkage=0.03


Tree=15
num_leaves=12
num_cat=0
split_feature=10 10 10 10 10 10 6 10 10 12 13
split_gain=3.12475e+08 5.22627e+07 3.16402e+07 1.10151e+07 8.16037e+06 3.806e+06 2.09825e+06 1.61563e+06 1.58108e+06 714163 129758
threshold=11149.000000000002 13830.000000000002 9243.5000000000018 12747.500000000002 10235.000000000002 8798.0000000000018 -0.9159756150367534 10710.500000000002 11799.000000000002 10091.000000000002 9594.5625000000018
decision_type=2 2 2 2 2 2 2 2 2 2 2
left_child=2 3 5 8 6 -1 -4 10 -2 -7 -6
right_child=1 -3 4 -5 7 9 -8 -9 -10 -11 -12
leaf_value=-50.118653786399143 11.256419696211815 67.436869787267739 -16.529733814168722 39.334928254158264 -13.762916836738587 -30.803529488699777 -27.020292143950588 -3.2939778329928715 21.376232008500534 -38.627463553292408 -10.345581722259521
leaf_weight=22 24 37 32 31 20 21 37 36 33 21 20
leaf_count=22 24 37 32 31 20 21 37 36 33 21 20
internal_value=-4.41092e-08 37.5209 -22.4407 24.9426 -14.6859 -40.0103 -22.1551 -7.90465 17.1153 -34.7155 -12.0542
internal_weight=334 125 209 88 145 64 69 76 57 42 40
internal_count=334 125 209 88 145 64 69 76 57 42 40
is_linear=0
shrinkage=0.03


Tree=16
num_leaves=13
num_cat=0
split_feature=10 10 10 10 10 10 6 10 10 10 12 11
split_gain=2.94008e+08 4.94051e+07 2.97702e+07 1.58182e+07 7.67809e+06 3.58107e+06 1.97424e+06 1.52014e+06 1.50357e+06 939628 671956 249140
threshold=11149.000000000002 14348.500000000002 9243.5000000000018 12747.500000000002 10235.000000000002 8798.0000000000018 -0.9159756150367534 10710.500000000002 11990.500000000002 13336.500000000002 10091.000000000002 10836.000000000002
decision_type=2 2 2 2 2 2 2 2 2 2 2 2
left_child=2 3 5 8 6 -1 -4 11 -2 -5 -7 -6
right_child=1 -3 4 9 7 10 -8 -9 -10 -11 -12 -13
leaf_value=-48.615094216086646 12.446583124290813 74.11622827148436 -16.033841603994368 36.369689608487214 -14.060245496749877 -29.879423740931919 -26.20968314505912 -3.1951584594945115 22.315224952697754 45.241506870814732 -37.468640223911827 -9.3249983453750609
leaf_weight=22 33 25 32 22 20 21 37 36 24 21 21 20
leaf_count=22 33 25 32 22 20 21 37 36 24 21 21 20
internal_value=-1.21759e-07 36.3953 -21.7675 26.9651 -14.2453 -38.81 -21.4905 -7.66751 16.6018 40.7024 -33.674 -11.6926
internal_weight=334 125 209 100 145 64 69 76 57 43 42 40
internal_count=334 125 209 100 145 64 69 76 57 43 42 40
is_linear=0
shrinkage=0.03


Tree=17
num_leaves=13
num_cat=0
split_feature=10 10 10 10 10 10 10 10 3 10 10 14
split_gain=2.76749e+08 4.20398e+07 3.24438e+07 1.20028e+07 7.44096e+06 5.36953e+06 1.44949e+06 1.33327e+06 1.11751e+06 884096 849700 333876
threshold=11345.000000000002 14348.500000000002 9426.5000000000018 12747.500000000002 10522.500000000002 8798.0000000000018 9093.0000000000018 10815.000000000002 1.5000000000000002 13336.500000000002 12063.500000000002 972.11642593117529
decision_type=2 2 2 2 2 2 2 2 2 2 2 2
left_child=2 3 5 10 8 -1 -7 -6 -4 -5 -2 -10
right_child=1 -3 4 9 7 6 -8 -9 11 -11 -12 -13
leaf_value=-47.156640846946019 14.137476275761921 71.892741650390619 -21.544967193603515 35.278599992231889 -7.3129893033504487 -35.741997909545894 -26.371529259314904 1.6310739927291871 -11.535691093776537 43.884261823381692 22.183532889229909 -16.835611175537107
leaf_weight=22 27 25 30 22 30 24 39 30 23 21 21 20
leaf_count=22 27 25 30 22 30 24 39 30 23 21 21 20
internal_value=1.83525e-08 37.4361 -19.9201 27.9699 -10.668 -34.397 -29.9412 -2.84096 -17.1011 39.4814 17.6576 -14.0008
internal_weight=334 116 218 91 133 85 63 60 73 43 48 43
internal_count=334 116 218 91 133 85 63 60 73 43 48 43
is_linear=0
shrinkage=0.03


Tree=18
num_leaves=13
num_cat=0
split_feature=10 10 10 10 10 10 10 0 3 11 15 14
split_gain=2.60486e+08 4.37425e+07 2.64275e+07 1.26428e+07 5.05215e+06 4.79206e+06 1.33718e+06 1.30724e+06 1.21125e+06 635316 623283 306251
threshold=11149.000000000002 14116.500000000002 9403.5000000000018 12747.500000000002 10522.500000000002 8798.0000000000018 11799.000000000002 14.000000000000002 1.5000000000000002 13280.500000000002 9556.961309523811 972.11642593117529
decision_type=2 2 2 2 2 2 2 2 2 2 2 2
left_child=2 3 5 6 8 -1 -2 -7 -4 -5 -6 -10
right_child=1 -3 4 9 10 7 -8 -9 11 -11 -12 -13
leaf_value=-45.741942194158376 10.261902455091477 67.288954336983807 -21.259673395156859 33.871080871582031 -8.7417589130401616 -33.116181100027902 19.568501247059213 -24.134221160888671 -11.304043037891386 41.432720489501953 -1.9488930056172029 -16.330542881011961
leaf_weight=22 24 28 32 20 20 35 33 25 24 20 31 20
leaf_count=22 24 28 32 20 20 35 33 25 24 20 31 20
internal_value=1.56671e-07 34.2577 -20.4891 24.7229 -11.9171 -33.7652 15.6499 -29.3737 -16.8187 37.6519 -4.61276 -13.5888
internal_weight=334 125 209 97 127 82 57 60 76 40 51 44
internal_count=334 125 209 97 127 82 57 60 76 40 51 44
is_linear=0
shrinkage=0.03


Tree=19
num_leaves=12
num_cat=0
split_feature=13 11 13 13 6 6 13 6 12 12 13
split_gain=2.15693e+08 3.6917e+07 1.72842e+07 7.14496e+06 6.20519e+06 5.92384e+06 3.59216e+06 3.54056e+06 3.46834e+06 2.21359e+06 460100
threshold=10428.625000000002 13852.500000000002 8926.3125000000018 12123.750000000002 -0.9159756150367534 1.0000000180025095e-35 9412.4583333333358 1.0000000180025095e-35 12342.000000000002 8531.5000000000018 8722.9375000000018
decision_type=2 2 2 2 2 2 2 2 2 2 2
left_child=2 3 7 5 9 -2 -6 -1 -3 -4 -9
right_child=1 8 4 -5 6 -7 -8 10 -10 -11 -12
leaf_value=-24.638884629469651 20.423460030094269 57.966879931640619 -12.442471733093262 28.994345478415489 -28.098295088547925 1.3868758637564522 -13.188165904825382 -40.559434844970703 41.634481575705784 -0.65768138676881793 -34.12445086669922
leaf_weight=39 31 25 26 32 26 28 33 20 22 32 20
leaf_count=39 31 25 26 32 26 28 33 20 22 32 20
internal_value=5.99616e-09 28.7312 -20.2291 17.58 -12.9087 11.3891 -19.7587 -31.0708 50.3219 -5.94052 -37.3419
internal_weight=334 138 196 91 117 59 59 79 47 58 40
internal_count=334 138 196 91 117 59 59 79 47 58 40
is_linear=0
shrinkage=0.03


Tree=20
num_leaves=12
num_cat=0
split_feature=10 10 10 10 10 10 6 10 10 10 16
split_gain=2.31849e+08 3.48508e+07 2.85983e+07 1.06155e+07 8.23145e+06 3.78023e+06 2.16042e+06 1.39537e+06 1.01839e+06 773190 139919
threshold=11542.000000000002 14457.500000000002 9786.0000000000018 12946.500000000002 9093.0000000000018 10815.000000000002 -0.9159756150367534 8798.0000000000018 12063.500000000002 10522.500000000002 1158.8416705534582
decision_type=2 2 2 2 2 2 2 2 2 2 2
left_child=2 3 4 8 7 9 -6 -1 -2 10 -4
right_child=1 -3 5 -5 6 -7 -8 -9 -10 -11 -12
leaf_value=-43.325817427201699 13.354758586883545 68.839134022105824 -14.772863187789916 38.594592472956727 -15.97279369354248 2.0486355391415683 -26.402378070537861 -32.865921974182129 21.776353421892438 -6.627331177234649 -11.224243646621703
leaf_weight=22 24 22 20 39 33 33 39 24 28 30 20
leaf_count=22 24 22 20 39 33 33 39 24 28 30 20
internal_value=3.05376e-08 34.9549 -17.8729 26.7631 -27.9555 -6.32191 -21.6222 -37.8685 17.8895 -10.268 -12.9986
internal_weight=334 113 221 91 118 103 72 46 52 70 40
internal_count=334 113 221 91 118 103 72 46 52 70 40
is_linear=0
shrinkage=0.03


Tree=21
num_leaves=13
num_cat=0
split_feature=10 10 10 10 10 10 6 10 10 10 16 8
split_gain=2.18153e+08 3.75335e+07 2.23887e+07 1.18455e+07 5.78761e+06 2.68883e+06 1.54975e+06 1.10481e+06 1.07819e+06 721296 603684 259097
threshold=11149.000000000002 14348.500000000002 9243.5000000000018 12747.500000000002 10235.000000000002 8798.0000000000018 -0.9159756150367534 11799.000000000002 10751.000000000002 13336.500000000002 1073.7007897697561 0.68301270189221941
decision_type=2 2 2 2 2 2 2 2 2 2 2 2
left_child=2 3 5 7 6 -1 -4 -2 11 -5 -7 -6
right_child=1 -3 4 9 8 10 -8 -9 -10 -11 -12 -13
leaf_value=-42.026043257279824 9.2656601583957681 64.228717236328123 -13.682841884493827 31.22281161221591 -11.557493572235106 -25.650108864524146 -22.698555091651709 17.725057435469193 -2.0915193166732791 38.99585963657924 -32.851633026123046 -7.0502124543623488
leaf_weight=22 24 25 32 22 24 22 37 33 30 21 20 22
leaf_count=22 24 25 32 22 24 22 37 33 30 21 20 22
internal_value=-2.15862e-08 31.3507 -18.7504 23.1312 -12.2271 -33.5298 -18.5174 14.1632 -6.51619 35.019 -29.0794 -9.40184
internal_weight=334 125 209 100 145 64 69 57 76 43 42 46
internal_count=334 125 209 100 145 64 69 57 76 43 42 46
is_linear=0
shrinkage=0.03


Tree=22
num_leaves=14
num_cat=0
split_feature=11 11 11 0 15 1 11 3 1 11 15 14 2
split_gain=1.78475e+08 2.4016e+07 1.85881e+07 4.28624e+06 3.84308e+06 3.71026e+06 3.36854e+06 2.47558e+06 2.4072e+06 2.06025e+06 1.37381e+06 935153 210327
threshold=11988.000000000002 13852.500000000002 10435.000000000002 14.000000000000002 10192.66666666667 3.5000000000000004 12545.000000000002 8.0000000000000018 4.5000000000000009 14712.000000000002 9544.9196428571431 1047.3268462190576 18.500000000000004
decision_type=2 2 2 2 2 2 2 2 2 2 2 2 2
left_child=2 6 3 7 5 10 -2 -1 -5 -3 -4 -8 -9
right_child=1 9 4 8 -6 -7 11 12 -10 -11 -12 -13 -14
leaf_value=-21.740197926396906 9.587144375610352 40.605718451605902 -10.014286103323101 -24.369214424465014 3.5642047144019084 -19.933129650878904 27.183939047598837 -36.157585601806637 -10.320703746250699 53.309514770507811 -0.40198116053705629 18.80190583768098 -31.992015457153322
leaf_weight=23 25 27 32 23 23 25 25 20 21 20 23 23 24
leaf_count=23 25 27 32 23 23 25 25 20 21 20 23 23 24
internal_value=3.85092e-08 29.2855 -16.4218 -24.9388 -7.24325 -10.3504 18.5167 -29.7162 -17.6642 46.0116 -5.99459 23.1675 -33.8855
internal_weight=334 120 214 111 103 80 73 67 44 47 55 48 44
internal_count=334 120 214 111 103 80 73 67 44 47 55 48 44
is_linear=0
shrinkage=0.03


Tree=23
num_leaves=12
num_cat=0
split_feature=10 10 10 10 10 10 6 10 10 10 16
split_gain=1.94464e+08 3.00464e+07 2.39573e+07 9.05284e+06 7.12844e+06 3.11538e+06 1.82729e+06 1.19864e+06 862889 660535 120402
threshold=11542.000000000002 14457.500000000002 9786.0000000000018 12946.500000000002 9093.0000000000018 10815.000000000002 -0.9159756150367534 8798.0000000000018 12063.500000000002 10522.500000000002 1158.8416705534582
decision_type=2 2 2 2 2 2 2 2 2 2 2
left_child=2 3 4 8 7 9 -6 -1 -2 10 -4
right_child=1 -3 5 -5 6 -7 -8 -9 -10 -11 -12
leaf_value=-39.87989493630149 12.037984817028045 63.474974753639913 -13.548377710103987 35.332714702899636 -14.507587585449219 1.8025446076826614 -24.099418029785156 -30.185332908630368 19.790022239685058 -6.0136543415188779 -10.256549045562743
leaf_weight=22 24 22 20 39 33 33 39 24 28 30 20
leaf_count=22 24 22 20 39 33 33 39 24 28 30 20
internal_value=3.32947e-08 32.0129 -16.3686 24.4067 -25.5969 -5.79635 -19.7032 -34.8219 16.2122 -9.37869 -11.9025
internal_weight=334 113 221 91 118 103 72 46 52 70 40
internal_count=334 113 221 91 118 103 72 46 52 70 40
is_linear=0
shrinkage=0.03


Tree=24
num_leaves=12
num_cat=0
split_feature=10 10 10 10 10 10 10 10 10 10 6
split_gain=1.82972e+08 2.82706e+07 2.25779e+07 8.51782e+06 5.43083e+06 3.75967e+06 1.07762e+06 811893 777320 714554 849736
threshold=11542.000000000002 14457.500000000002 9426.5000000000018 12946.500000000002 10615.500000000002 8798.0000000000018 9093.0000000000018 12063.500000000002 10815.000000000002 10235.000000000002 -0.9159756150367534
decision_type=2 2 2 2 2 2 2 2 2 2 2
left_child=2 3 5 7 9 -1 -7 -2 -6 10 -4
right_child=1 -3 4 -5 8 6 -8 -9 -10 -11 -12
leaf_value=-38.683498368696732 11.676845104694365 61.570724653764209 -11.520516038977581 34.272733013446512 -5.3472457826137543 -29.279772605895996 -21.200222291212814 19.196321460178918 1.7484683522311124 -9.8388048898020095 -19.510575512695311
leaf_weight=22 24 22 23 39 24 24 39 28 33 31 25
leaf_count=22 24 22 23 39 24 24 39 28 33 31 25
internal_value=-4.24014e-08 31.0525 -15.8775 23.6745 -8.29687 -28.0066 -24.2781 15.7258 -1.2392 -13.3891 -15.682
internal_weight=334 113 221 91 136 85 63 52 57 79 48
internal_count=334 113 221 91 136 85 63 52 57 79 48
is_linear=0
shrinkage=0.03


Tree=25
num_leaves=12
num_cat=0
split_feature=13 11 13 13 6 0 13 0 12 13 12
split_gain=1.49408e+08 2.60903e+07 1.2805e+07 5.13918e+06 4.58538e+06 4.35514e+06 2.93152e+06 3.04896e+06 2.67847e+06 2.49824e+06 1.9025e+06
threshold=10428.625000000002 13852.500000000002 8926.3125000000018 12123.750000000002 -0.9159756150367534 17.500000000000004 8475.1458333333358 14.000000000000002 12342.000000000002 9412.4583333333358 8531.5000000000018
decision_type=2 2 2 2 2 2 2 2 2 2 2
left_child=2 3 6 5 10 -2 -1 -8 -3 -6 -4
right_child=1 8 4 -5 9 -7 7 -9 -10 -11 -12
leaf_value=-34.661402270507814 0.71115435055324006 48.781351757812494 -10.573132905226487 24.218391455411911 -23.378630288931038 17.033728155013051 -28.611849670410155 -14.265947532653808 34.428699105002657 -10.944348167072643 0.35222015976905824
leaf_weight=25 28 25 26 32 26 31 30 24 22 33 32
leaf_count=25 28 25 26 32 26 31 30 24 22 33 32
internal_value=6.09038e-08 23.9124 -16.8363 14.5379 -10.5354 9.28742 -26.168 -22.2359 42.0631 -16.4239 -4.54535
internal_weight=334 138 196 91 117 59 79 54 47 59 58
internal_count=334 138 196 91 117 59 79 54 47 59 58
is_linear=0
shrinkage=0.03


Tree=26
num_leaves=12
num_cat=0
split_feature=10 10 10 10 10 10 6 10 10 10 14
split_gain=1.63023e+08 2.39817e+07 2.24052e+07 6.52173e+06 5.97431e+06 3.3623e+06 1.54582e+06 1.03216e+06 562624 368644 1616.77
threshold=11688.000000000002 14457.500000000002 9786.0000000000018 12946.500000000002 9093.0000000000018 10815.000000000002 -0.9159756150367534 8798.0000000000018 10522.500000000002 12185.500000000002 1084.073202057079
decision_type=2 2 2 2 2 2 2 2 2 2 2
left_child=2 3 4 9 7 8 -6 -1 10 -2 -4
right_child=1 -3 5 -5 6 -7 -8 -9 -10 -11 -12
leaf_value=-36.587054027210584 12.720379972628184 58.444583462801845 -11.036105472564696 32.326988572340738 -13.273922781510786 2.4757231638981745 -22.096128540039064 -27.590909996032714 -5.4105133333206172 18.112056427001953 -10.654649185180665
leaf_weight=22 21 22 20 39 33 39 39 24 30 25 20
leaf_count=22 21 22 20 39 33 39 39 24 30 25 20
internal_value=-7.52732e-09 30.5277 -14.3897 23.3021 -23.4482 -4.58328 -18.0526 -31.8934 -8.51615 15.6506 -10.8454
internal_weight=334 107 227 85 118 109 72 46 70 46 40
internal_count=334 107 227 85 118 109 72 46 70 46 40
is_linear=0
shrinkage=0.03


Tree=27
num_leaves=13
num_cat=0
split_feature=10 10 10 10 10 10 15 6 10 10 16 15
split_gain=1.53487e+08 2.77946e+07 1.59334e+07 6.92638e+06 3.98187e+06 1.98156e+06 988503 758705 768061 722448 578384 119012
threshold=11149.000000000002 13997.000000000002 9243.5000000000018 12747.500000000002 10347.500000000002 8798.0000000000018 9432.9494047619064 -0.9159756150367534 9758.0000000000018 11799.000000000002 1073.7007897697561 9805.1130952380972
decision_type=2 2 2 2 2 2 2 2 2 2 2 2
left_child=2 3 5 9 7 -1 -6 -4 -9 -2 -7 -8
right_child=1 -3 4 -5 6 10 11 8 -10 -11 -12 -13
leaf_value=-35.489442277388143 7.6514455413818361 50.93045418031754 -11.284740554094315 28.280474358635981 -9.4365068523700408 -21.018560860373757 -0.38143610136849543 -20.699873023399938 -12.88006061553955 14.492127105539495 -28.067563751220703 -3.6150116271972657
leaf_weight=22 24 31 32 37 26 22 21 26 20 33 20 20
leaf_count=22 24 31 32 37 26 22 21 26 20 33 20 20
internal_value=-9.59385e-09 26.2968 -15.7277 18.1729 -10.2246 -28.1957 -4.86059 -14.8322 -17.3 11.6118 -24.3752 -1.95879
internal_weight=334 125 209 94 145 64 67 78 46 57 42 41
internal_count=334 125 209 94 145 64 67 78 46 57 42 41
is_linear=0
shrinkage=0.03


Tree=28
num_leaves=13
num_cat=0
split_feature=10 10 10 10 10 10 15 6 10 10 16 15
split_gain=1.44416e+08 2.62114e+07 1.49918e+07 5.12012e+06 3.74654e+06 1.86445e+06 930082 713865 722669 679751 544202 111978
threshold=11149.000000000002 13830.000000000002 9243.5000000000018 12747.500000000002 10347.500000000002 8798.0000000000018 9432.9494047619064 -0.9159756150367534 9758.0000000000018 11799.000000000002 1073.7007897697561 9805.1130952380972
decision_type=2 2 2 2 2 2 2 2 2 2 2 2
left_child=2 3 5 9 7 -1 -6 -4 -9 -2 -7 -8
right_child=1 -3 4 -5 6 10 11 8 -10 -11 -12 -13
leaf_value=-34.424758883389558 7.4219022655487059 46.693988663956922 -10.946198362112044 26.412497007308467 -9.1534116510244523 -20.388004136518997 -0.36999301637922016 -20.078877164400541 -12.493658752441405 14.057363308993253 -27.225537208557128 -3.5065614073276516
leaf_weight=22 24 37 32 31 26 22 21 26 20 33 20 20
leaf_count=22 24 37 32 31 26 22 21 26 20 33 20 20
internal_value=-3.76473e-08 25.5079 -15.2559 16.6001 -9.91788 -27.3499 -4.71477 -14.3872 -16.781 11.2635 -23.644 -1.90003
internal_weight=334 125 209 88 145 64 67 78 46 57 42 41
internal_count=334 125 209 88 145 64 67 78 46 57 42 41
is_linear=0
shrinkage=0.03


Tree=29
num_leaves=12
num_cat=0
split_feature=10 10 10 10 10 10 6 13 10 10 16
split_gain=1.35897e+08 2.0626e+07 1.86902e+07 5.3241e+06 5.07448e+06 2.82688e+06 1.31209e+06 881262 471673 303830 88087.9
threshold=11688.000000000002 14457.500000000002 9786.0000000000018 12946.500000000002 9093.0000000000018 10815.000000000002 -0.9159756150367534 8531.0208333333339 10522.500000000002 12185.500000000002 1158.8416705534582
decision_type=2 2 2 2 2 2 2 2 2 2 2
left_child=2 3 4 9 7 8 -6 -1 10 -2 -4
right_child=1 -3 5 -5 6 -7 -8 -9 -10 -11 -12
leaf_value=-33.725421404157366 11.597793644496372 53.762513372247867 -11.328119899749755 29.325564856896033 -12.036253829435868 2.2911271821535553 -20.164178278996395 -25.389127441406249 -4.9440655326843261 16.492604718017578 -8.5124660110473638
leaf_weight=21 21 22 20 39 33 39 39 25 30 25 20
leaf_count=21 21 22 20 39 33 39 39 25 30 25 20
internal_value=5.75631e-08 27.8723 -13.1381 21.1714 -21.4115 -4.18147 -16.4389 -29.1948 -7.78762 14.258 -9.92029
internal_weight=334 107 227 85 118 109 72 46 70 46 40
internal_count=334 107 227 85 118 109 72 46 70 46 40
is_linear=0
shrinkage=0.03


Tree=30
num_leaves=14
num_cat=0
split_feature=10 10 10 10 10 10 15 6 10 10 10 16 12
split_gain=1.28028e+08 2.34787e+07 1.33024e+07 7.74172e+06 3.29033e+06 1.69088e+06 844642 641127 629798 597083 586447 511417 272165
threshold=11149.000000000002 14457.500000000002 9243.5000000000018 12747.500000000002 10347.500000000002 8798.0000000000018 9432.9494047619064 -0.9159756150367534 9758.0000000000018 11990.500000000002 13437.500000000002 1073.7007897697561 11355.000000000002
decision_type=2 2 2 2 2 2 2 2 2 2 2 2 2
left_child=2 3 5 9 7 -1 -6 -4 -9 -2 -5 -7 -8
right_child=1 -3 4 10 6 11 12 8 -10 -11 -12 -13 -14
leaf_value=-32.493930358886715 8.0009601211547849 52.149637340198865 -10.263347726091743 24.058974133300779 -8.6897659888634298 -19.070837277499113 0.72704610443115225 -18.871585341233473 -11.790508506774902 14.219857254028321 30.859382672991067 -25.69921259307861 -4.1629070295606336
leaf_weight=22 33 22 32 25 26 22 20 26 20 24 21 20 21
leaf_count=22 33 22 32 25 26 22 20 26 20 24 21 20 21
internal_value=-8.47385e-08 24.017 -14.3642 18.0081 -9.33595 -25.7564 -4.45991 -13.5243 -15.7929 10.6194 27.1635 -22.2272 -1.77756
internal_weight=334 125 209 103 145 64 67 78 46 57 46 42 41
internal_count=334 125 209 103 145 64 67 78 46 57 46 42 41
is_linear=0
shrinkage=0.03


Tree=31
num_leaves=13
num_cat=0
split_feature=10 10 10 10 10 10 6 15 10 10 16 12
split_gain=1.20461e+08 2.20911e+07 1.25162e+07 7.28418e+06 3.10624e+06 1.59095e+06 911999 632730 561795 551788 481192 386316
threshold=11149.000000000002 14457.500000000002 9243.5000000000018 12747.500000000002 10235.000000000002 8798.0000000000018 -0.9159756150367534 9432.9494047619064 11990.500000000002 13437.500000000002 1073.7007897697561 10988.000000000002
decision_type=2 2 2 2 2 2 2 2 2 2 2 2
left_child=2 3 5 8 6 -1 -4 -6 -2 -5 -7 -9
right_child=1 -3 4 9 7 10 -8 11 -10 -11 -12 -13
leaf_value=-31.519111966219818 7.7609313618053086 50.585148010253903 -9.9554474435001605 23.337205151367186 -8.5596226586235886 -18.498712255304511 -16.871639358932907 0.36745861530303953 13.793261709213256 29.933601248604912 -24.928236122131345 -5.0522608248118699
leaf_weight=22 33 22 32 25 27 22 37 20 24 21 20 29
leaf_count=22 33 22 32 25 27 22 37 20 24 21 20 29
internal_value=-1.79456e-08 23.2965 -13.9333 17.4678 -9.05587 -24.9837 -13.6641 -4.87206 10.3009 26.3486 -21.5604 -2.84013
internal_weight=334 125 209 103 145 64 69 76 57 46 42 49
internal_count=334 125 209 103 145 64 69 76 57 46 42 49
is_linear=0
shrinkage=0.03


Tree=32
num_leaves=12
num_cat=0
split_feature=10 10 10 10 10 10 0 13 10 10 16
split_gain=1.13369e+08 1.7153e+07 1.56027e+07 4.48138e+06 4.30416e+06 2.36977e+06 1.1109e+06 791624 400132 313395 77614.2
threshold=11688.000000000002 14457.500000000002 9786.0000000000018 12985.000000000002 9093.0000000000018 10815.000000000002 14.000000000000002 8531.0208333333339 10522.500000000002 12185.500000000002 1158.8416705534582
decision_type=2 2 2 2 2 2 2 2 2 2 2
left_child=2 3 4 9 7 8 -6 -1 10 -2 -4
right_child=1 -3 5 -5 6 -7 -8 -9 -10 -11 -12
leaf_value=-31.021330871582027 10.671992492675781 49.067594521262421 -10.403882134437561 27.383158416748046 -18.504233816046462 2.1098588963655325 -11.039865818023681 -23.120367498779295 -4.4990667037963865 15.520152756827217 -7.7609150276184078
leaf_weight=21 21 22 20 36 38 39 34 25 30 28 20
leaf_count=21 21 22 20 36 38 39 34 25 30 28 20
internal_value=-1.19281e-08 25.4575 -11.9998 19.3467 -19.5591 -3.81636 -14.9794 -26.7273 -7.11811 13.4424 -9.0824
internal_weight=334 107 227 85 118 109 72 46 70 49 40
internal_count=334 107 227 85 118 109 72 46 70 49 40
is_linear=0
shrinkage=0.03


Tree=33
num_leaves=13
num_cat=0
split_feature=10 10 10 10 10 13 15 10 6 10 10 12
split_gain=1.0679e+08 1.95641e+07 1.1102e+07 4.71294e+06 2.74486e+06 1.49653e+06 728394 661642 549534 521601 485473 246493
threshold=11149.000000000002 13997.000000000002 9243.5000000000018 12747.500000000002 10347.500000000002 8531.0208333333339 9432.9494047619064 9059.5000000000018 -0.9159756150367534 9758.0000000000018 11799.000000000002 11355.000000000002
decision_type=2 2 2 2 2 2 2 2 2 2 2 2
left_child=2 3 5 10 8 -1 -6 -7 -4 -10 -2 -8
right_child=1 -3 4 -5 6 7 11 -9 9 -11 -12 -13
leaf_value=-30.090691092354909 6.4603429603576652 42.601776182113149 -9.3316431713104251 23.456546408163533 -7.9996790929941026 -24.129257681710378 0.80282078075408936 -16.684579134854403 -17.252774435190055 -10.8085958404541 12.067962181784889 -3.8507965634550363
leaf_weight=21 24 31 32 37 26 21 20 22 26 20 33 21
leaf_count=21 24 31 32 37 26 21 20 22 26 20 33 21
internal_value=-1.69713e-08 21.9347 -13.1188 15.119 -8.52523 -23.5262 -4.07167 -20.3204 -12.3507 -14.451 9.70686 -1.58074
internal_weight=334 125 209 94 145 64 67 43 78 46 57 41
internal_count=334 125 209 94 145 64 67 43 78 46 57 41
is_linear=0
shrinkage=0.03


Tree=34
num_leaves=13
num_cat=0
split_feature=10 10 10 10 10 10 15 3 10 12 10 15
split_gain=1.00479e+08 1.86016e+07 1.04499e+07 6.01457e+06 2.01537e+06 1.9562e+06 720501 625026 1.34851e+06 463696 458044 250998
threshold=11149.000000000002 14457.500000000002 9368.5000000000018 12747.500000000002 10522.500000000002 8798.0000000000018 8792.5595238095248 4.5000000000000009 10030.000000000002 12302.500000000002 13437.500000000002 9556.961309523811
decision_type=2 2 2 2 2 2 2 2 2 2 2 2
left_child=2 3 5 9 7 -1 -7 8 -4 -2 -5 -6
right_child=1 -3 4 10 11 6 -8 -9 -10 -11 -12 -13
leaf_value=-28.929210704456676 12.169376523154122 46.317512428977267 -16.548101425170898 21.254253955078124 -5.4672188987731936 -15.821567665735879 -22.813786446707589 -6.4576360607147212 -7.1140442687988275 6.7568863638516126 27.264249180385043 -1.1565397088758407
leaf_weight=22 28 22 30 25 20 36 21 24 25 29 21 31
leaf_count=22 28 22 30 25 20 36 21 24 25 29 21 31
internal_value=-2.52267e-08 21.2767 -12.7253 15.9281 -7.49596 -21.3305 -18.3976 -10.4972 -12.2599 9.41565 23.9979 -2.847
internal_weight=334 125 209 103 130 79 57 79 55 57 46 51
internal_count=334 125 209 103 130 79 57 79 55 57 46 51
is_linear=0
shrinkage=0.03


Tree=35
num_leaves=12
num_cat=0
split_feature=10 10 10 10 10 10 6 16 10 10 16
split_gain=9.46395e+07 1.44475e+07 1.29638e+07 3.71803e+06 3.64335e+06 1.96959e+06 959990 731510 331960 260010 71050
threshold=11688.000000000002 14457.500000000002 9786.0000000000018 12985.000000000002 9093.0000000000018 10815.000000000002 -0.9159756150367534 1063.2961780870919 10522.500000000002 12185.500000000002 1158.8416705534582
decision_type=2 2 2 2 2 2 2 2 2 2 2
left_child=2 3 4 9 7 8 -6 -1 10 -2 -4
right_child=1 -3 5 -5 6 -7 -8 -9 -10 -11 -12
leaf_value=-20.321586587088447 9.7500991930280403 44.927987116033378 -9.5680866336822508 24.971575749715168 -9.8749265982887948 1.8982445946106543 -16.827276728703424 -27.916638977050781 -4.1290449085235599 14.166060594831194 -7.0393509979248048
leaf_weight=21 21 22 20 36 33 39 39 25 30 28 20
leaf_count=21 21 22 20 36 33 39 39 25 30 28 20
internal_value=-1.09216e-09 23.2598 -10.9639 17.6515 -17.8543 -3.50448 -13.6408 -24.4493 -6.51457 12.2735 -8.30372
internal_weight=334 107 227 85 118 109 72 46 70 49 40
internal_count=334 107 227 85 118 109 72 46 70 49 40
is_linear=0
shrinkage=0.03


Tree=36
num_leaves=13
num_cat=0
split_feature=10 10 10 10 10 13 12 4 10 10 16 10
split_gain=8.90746e+07 1.50571e+07 1.06657e+07 4.40087e+06 2.4645e+06 2.32747e+06 1.34681e+06 500122 1.34834e+06 462736 329703 327666
threshold=11345.000000000002 14457.500000000002 9403.5000000000018 12946.500000000002 10615.500000000002 8475.1458333333358 9032.5000000000018 2024.5000000000002 10030.000000000002 12063.500000000002 1205.9387962278968 9093.0000000000018
decision_type=2 2 2 2 2 2 2 2 2 2 2 2
left_child=2 3 5 9 7 -1 -7 -4 -9 -2 -6 -8
right_child=1 -3 4 -5 10 6 11 8 -10 -11 -12 -13
leaf_value=-28.745909202575682 7.7412900458441847 43.580147427645599 -5.4327902112688333 23.718220261793867 -3.1157779119908811 -10.798178007943289 -22.888940643310544 -15.485776748657226 -6.5545297265052795 13.245669610159737 1.6550475265763023 -17.523512442452564
leaf_weight=20 27 22 21 39 32 21 20 29 32 28 22 21
leaf_count=20 27 22 21 39 32 21 20 29 32 28 22 21
internal_value=-4.28297e-09 21.2385 -11.3012 16.0096 -6.14864 -19.847 -16.9764 -9.42587 -10.8005 10.5435 -1.17211 -20.1408
internal_weight=334 116 218 94 136 82 62 82 61 55 54 41
internal_count=334 116 218 94 136 82 62 82 61 55 54 41
is_linear=0
shrinkage=0.03


Tree=37
num_leaves=14
num_cat=0
split_feature=10 10 10 10 10 13 15 10 6 12 10 10 12
split_gain=8.38828e+07 1.54653e+07 8.782e+06 5.01955e+06 2.10074e+06 1.23664e+06 622854 532192 441063 438026 400198 399396 244950
threshold=11149.000000000002 14457.500000000002 9243.5000000000018 12747.500000000002 10347.500000000002 8531.0208333333339 9432.9494047619064 9059.5000000000018 -0.9159756150367534 12302.500000000002 9758.0000000000018 13437.500000000002 11355.000000000002
decision_type=2 2 2 2 2 2 2 2 2 2 2 2 2
left_child=2 3 5 9 8 -1 -6 -7 -4 -2 -10 -5 -8
right_child=1 -3 4 11 6 7 12 -9 10 -11 -12 -13 -14
leaf_value=-26.850601392473493 11.290422821044922 42.272743502530183 -8.1833351719379426 19.373567926025391 -7.2775875091552731 -21.38507128034319 1.0342185530662538 -14.708266358809038 -15.223853794978215 6.0298803105847583 -9.5792148742675778 24.985627790178569 -3.6048097058704922
leaf_weight=21 28 22 32 25 26 21 20 22 26 29 20 21 21
leaf_count=21 28 22 32 25 26 21 20 22 26 29 20 21 21
internal_value=-2.65972e-08 19.4403 -11.627 14.5635 -7.54141 -20.8833 -3.64528 -17.969 -10.8881 8.61401 -12.7697 21.9356 -1.34187
internal_weight=334 125 209 103 145 64 67 43 78 57 46 46 41
internal_count=334 125 209 103 145 64 67 43 78 57 46 46 41
is_linear=0
shrinkage=0.03


Tree=38
num_leaves=13
num_cat=0
split_feature=10 10 10 10 13 10 0 10 15 6 10 14
split_gain=7.90147e+07 1.20044e+07 1.08278e+07 3.10595e+06 2.72263e+06 2.15793e+06 2.14189e+06 500115 432533 486574 285828 226775
threshold=11688.000000000002 14457.500000000002 9623.0000000000018 12985.000000000002 8531.0208333333339 10751.000000000002 14.000000000000002 9093.0000000000018 9193.8065476190495 -0.9159756150367534 11104.500000000002 990.57612659863037
decision_type=2 2 2 2 2 2 2 2 2 2 2 2
left_child=2 3 4 11 -1 8 7 -6 -4 -10 -7 -2
right_child=1 -3 5 -5 6 10 -8 -9 9 -11 -12 -13
leaf_value=-26.565999256480822 8.7680050792694093 41.004560935280544 -10.978687683105468 22.831463801066082 -22.105246810913084 -1.1082747835583155 -8.3044466247558582 -16.02046175064579 -2.3626987864754416 -8.0885333229513741 3.5583516529628207 12.920440888240419
leaf_weight=22 20 22 20 36 20 27 30 31 22 34 21 29
leaf_count=22 20 22 20 36 20 27 30 31 22 34 21 29
internal_value=-7.49519e-09 21.2531 -10.018 16.141 -17.207 -4.04646 -14.6651 -18.4067 -7.19162 -5.8391 0.933374 11.2256
internal_weight=334 107 227 85 103 124 81 51 76 56 48 49
internal_count=334 107 227 85 103 124 81 51 76 56 48 49
is_linear=0
shrinkage=0.03


Tree=39
num_leaves=13
num_cat=0
split_feature=10 10 10 10 13 10 0 10 15 0 12 10
split_gain=7.4345e+07 1.1295e+07 1.01879e+07 2.92239e+06 2.56172e+06 2.03039e+06 2.0153e+06 470558 406970 374206 269345 215386
threshold=11688.000000000002 14457.500000000002 9623.0000000000018 12985.000000000002 8531.0208333333339 10751.000000000002 14.000000000000002 9093.0000000000018 9193.8065476190495 14.000000000000002 11592.000000000002 12185.500000000002
decision_type=2 2 2 2 2 2 2 2 2 2 2 2
left_child=2 3 4 11 -1 8 7 -6 -4 -10 -7 -2
right_child=1 -3 5 -5 6 10 -8 -9 9 -11 -12 -13
leaf_value=-25.769019220525568 8.5921163368225102 39.774424521706322 -10.649327018737793 22.146519826253254 -21.442089614868163 3.0608791351318358 -8.0553132705688473 -15.539847963394655 -7.7112620683149862 -2.7264420903247335 -1.4375684206382089 12.611316429887498
leaf_weight=22 21 22 20 36 20 25 30 31 33 23 23 28
leaf_count=22 21 22 20 36 20 25 30 31 33 23 23 28
internal_value=1.25705e-08 20.6155 -9.71746 15.6568 -16.6908 -3.92507 -14.2251 -17.8545 -6.97587 -5.66393 0.905373 10.8888
internal_weight=334 107 227 85 103 124 81 51 76 56 48 49
internal_count=334 107 227 85 103 124 81 51 76 56 48 49
is_linear=0
shrinkage=0.03


Tree=40
num_leaves=12
num_cat=0
split_feature=10 10 10 10 10 14 3 16 15 12 12
split_gain=7.00412e+07 1.29253e+07 7.32582e+06 3.05094e+06 1.769e+06 1.08804e+06 570448 546577 447832 407595 319721
threshold=11149.000000000002 13997.000000000002 9243.5000000000018 12747.500000000002 10235.000000000002 1065.9935280938357 8.0000000000000018 1063.2961780870919 9432.9494047619064 12302.500000000002 10988.000000000002
decision_type=2 2 2 2 2 2 2 2 2 2 2
left_child=2 3 5 9 6 7 -4 -1 -6 -2 -10
right_child=1 -3 4 -5 8 -7 -8 -9 10 -11 -12
leaf_value=-12.658234783172606 10.451460379191806 34.562534415952619 -13.059097797938755 18.932459898252741 -6.8379803254869245 -24.483257737593213 -7.6030247261944934 -19.510672858845105 0.89185052061080927 5.376938244063278 -4.0386481431762462
leaf_weight=20 28 31 35 37 27 22 34 22 20 29 29
leaf_count=20 28 31 35 37 27 22 34 22 20 29 29
internal_value=-1.2295e-08 17.7641 -10.6245 12.2242 -6.89297 -19.0786 -10.3706 -16.2476 -3.73565 7.86969 -2.0262
internal_weight=334 125 209 94 145 64 69 42 76 57 49
internal_count=334 125 209 94 145 64 69 42 76 57 49
is_linear=0
shrinkage=0.03


Tree=41
num_leaves=13
num_cat=0
split_feature=10 10 10 10 13 6 10 10 15 6 12 14
split_gain=6.59344e+07 1.01143e+07 9.04712e+06 2.56073e+06 2.35558e+06 1.90981e+06 1.78771e+06 455621 372999 429236 246739 217401
threshold=11688.000000000002 14457.500000000002 9623.0000000000018 12985.000000000002 8475.1458333333358 1.0000000180025095e-35 10751.000000000002 9082.5000000000018 9193.8065476190495 -0.9159756150367534 11592.000000000002 990.57612659863037
decision_type=2 2 2 2 2 2 2 2 2 2 2 2
left_child=2 3 4 11 -1 -6 8 -7 -4 -10 -8 -2
right_child=1 -3 6 -5 5 7 10 -9 9 -11 -12 -13
leaf_value=-24.964866725921627 7.8525699548721315 37.544315518465908 -10.072311527252197 20.796924794514975 -7.44704397201538 -20.352968444824217 2.9028205993652345 -14.666058340072631 -2.0343622632460159 -7.4122595433627856 -1.4027128924494203 11.91828031145293
leaf_weight=20 20 22 20 36 30 21 25 32 22 34 23 29
leaf_count=20 20 22 20 36 30 21 25 32 22 34 23 29
internal_value=-6.33879e-09 19.4144 -9.1513 14.722 -15.7227 -13.4956 -3.69283 -16.9194 -6.55551 -5.29951 0.839752 10.2588
internal_weight=334 107 227 85 103 83 124 53 76 56 48 49
internal_count=334 107 227 85 103 83 124 53 76 56 48 49
is_linear=0
shrinkage=0.03


Tree=42
num_leaves=14
num_cat=0
split_feature=10 10 10 10 10 10 15 5 0 16 15 11 11
split_gain=6.2127e+07 1.15006e+07 6.48295e+06 3.34325e+06 1.57889e+06 957018 504977 461727 950099 380847 367926 247243 101497
threshold=11149.000000000002 14348.500000000002 9243.5000000000018 12747.500000000002 10347.500000000002 8798.0000000000018 9432.9494047619064 1.0000000180025095e-35 14.000000000000002 1073.7007897697561 12359.73511904762 13442.000000000002 11297.500000000002
decision_type=2 2 2 2 2 2 2 2 2 2 2 2 2
left_child=2 3 5 10 7 -1 -6 8 -4 -7 -2 -5 -8
right_child=1 -3 4 11 6 9 12 -9 -10 -11 -12 -13 -14
leaf_value=-23.027967494617808 9.1882750586561244 34.929802807617186 -11.15450767299107 16.37477576214334 -6.3888184811518745 -12.580289294502952 0.4124565805707659 -13.327981543064116 -3.3053735832546067 -18.300276555061338 4.1379038772583003 20.935547424316407 -2.5737123799324033
leaf_weight=22 37 25 35 23 26 22 21 20 23 20 20 20 20
leaf_count=22 37 25 35 23 26 22 21 20 23 20 20 20 20
internal_value=1.11143e-08 16.7304 -10.0062 12.1806 -6.49595 -17.9592 -3.11824 -9.39732 -8.04192 -15.3041 7.41621 18.4961 -1.04421
internal_weight=334 125 209 100 145 64 67 78 58 42 57 43 41
internal_count=334 125 209 100 145 64 67 78 58 42 57 43 41
is_linear=0
shrinkage=0.03


Tree=43
num_leaves=12
num_cat=0
split_feature=13 11 13 13 6 6 13 0 12 12 13
split_gain=4.92316e+07 1.02228e+07 5.02814e+06 2.01794e+06 2.13739e+06 1.53842e+06 1.41688e+06 1.29287e+06 1.26005e+06 1.04652e+06 943304
threshold=10384.250000000002 13852.500000000002 8926.3125000000018 12123.750000000002 -0.98296291314453399 -0.9159756150367534 8475.1458333333358 14.000000000000002 11917.000000000002 8531.5000000000018 9412.4583333333358
decision_type=2 2 2 2 2 2 2 2 2 2 2
left_child=2 3 6 4 -2 9 -1 -8 -3 -4 -7
right_child=1 8 5 -5 -6 10 7 -9 -10 -11 -12
leaf_value=-21.566229309082029 11.614525445699693 30.135449898459694 -6.6722750506034263 13.881734604835509 0.17884581647421183 -13.482580833435058 -17.079691909790036 -7.7379351365566258 20.291194988250734 1.5509219894409179 -5.7895159998536112
leaf_weight=25 24 22 26 32 38 26 30 24 25 30 32
leaf_count=25 24 22 26 32 38 26 30 24 25 30 32
internal_value=-2.10936e-08 13.4753 -9.84466 7.76341 4.60556 -5.81371 -15.6615 -12.9278 24.8991 -2.26699 -9.23813
internal_weight=334 141 193 94 62 114 79 54 47 56 58
internal_count=334 141 193 94 62 114 79 54 47 56 58
is_linear=0
shrinkage=0.03


Tree=44
num_leaves=12
num_cat=0
split_feature=10 10 10 13 10 6 10 10 10 14 15
split_gain=5.54786e+07 8.69426e+06 7.62789e+06 2.19232e+06 2.17416e+06 1.66591e+06 1.2399e+06 404393 260105 186114 103437
threshold=11688.000000000002 14457.500000000002 9721.5000000000018 8531.0208333333339 12985.000000000002 -0.9159756150367534 10885.000000000002 9093.0000000000018 10522.500000000002 990.57612659863037 9367.3303571428587
decision_type=2 2 2 2 2 2 2 2 2 2 2
left_child=2 4 3 -1 9 -5 8 -7 10 -2 -4
right_child=1 -3 6 5 -6 7 -8 -9 -10 -11 -12
leaf_value=-22.456248896338725 7.1191745342016217 34.617748718261716 -8.1501012611389161 -6.7752280315671642 19.055727920532227 -18.550678871154783 1.6472764825820922 -13.203119986397878 -3.0377110919085415 10.880969085857785 -5.2804036625531996
leaf_weight=22 20 22 20 35 36 20 36 35 33 29 26
leaf_count=22 20 22 20 35 36 20 36 35 33 29 26
internal_value=1.26776e-08 17.8087 -8.3944 -13.9669 13.4581 -11.8917 -2.96726 -15.1477 -5.07009 9.34554 -6.5281
internal_weight=334 107 227 112 85 90 115 55 79 49 46
internal_count=334 107 227 112 85 90 115 55 79 49 46
is_linear=0
shrinkage=0.03


Tree=45
num_leaves=12
num_cat=0
split_feature=10 10 10 13 10 6 10 10 15 6 14
split_gain=5.21998e+07 8.18043e+06 7.17709e+06 2.06551e+06 2.04567e+06 1.6192e+06 1.16662e+06 402650 246320 462558 175115
threshold=11688.000000000002 14457.500000000002 9721.5000000000018 8475.1458333333358 12985.000000000002 1.0000000180025095e-35 10885.000000000002 9082.5000000000018 9305.7142857142881 1.0000000180025095e-35 990.57612659863037
decision_type=2 2 2 2 2 2 2 2 2 2 2
left_child=2 4 3 -1 10 -5 8 -7 -4 -10 -2
right_child=1 -3 6 5 -6 7 -8 -9 9 -11 -12
leaf_value=-22.28575842940807 6.9055993223190306 33.579216197620738 -7.1787952647890361 -6.6844893939296401 18.484056243896482 -18.123517456054685 1.5978581802050271 -12.868965532575334 -0.11974817003589124 -5.9716014589801913 10.554540029723068
leaf_weight=20 20 22 28 36 36 21 36 35 20 31 29
leaf_count=20 20 22 28 36 36 21 36 35 20 31 29
internal_value=-3.18713e-10 17.2744 -8.14257 -13.5479 13.0543 -11.6484 -2.87824 -14.8394 -4.91799 -3.67676 9.06518
internal_weight=334 107 227 112 85 92 115 56 79 51 49
internal_count=334 107 227 112 85 92 115 56 79 51 49
is_linear=0
shrinkage=0.03


Tree=46
num_leaves=13
num_cat=0
split_feature=10 10 10 10 5 11 10 10 15 12 3 10
split_gain=4.91148e+07 7.69696e+06 6.76588e+06 1.92477e+06 1.83372e+06 2.11357e+06 984176 385391 202309 468670 185702 166583
threshold=11688.000000000002 14457.500000000002 9786.0000000000018 12985.000000000002 1.0000000180025095e-35 10199.500000000002 10885.000000000002 9146.5000000000018 9305.7142857142881 10809.500000000002 8.0000000000000018 12185.500000000002
decision_type=2 2 2 2 2 2 2 2 2 2 2 2
left_child=2 3 4 11 5 7 8 -1 -4 -10 -6 -2
right_child=1 -3 6 -5 10 -7 -8 -9 9 -11 -12 -13
leaf_value=-16.921732791553843 6.7734251223291668 32.571839988014915 -6.6996305946350097 17.92953451156616 -15.912025844029017 -3.7270083041026676 1.5499224368731179 -11.477465826416015 -0.010211319295423371 -5.9858418300416734 -19.901679578508649 10.30806808744158
leaf_weight=22 21 22 25 36 21 29 36 25 21 27 21 28
leaf_count=22 21 22 25 36 21 29 36 25 21 27 21 28
internal_value=3.03843e-08 16.7562 -7.89829 12.6627 -12.8762 -10.096 -2.50941 -14.0258 -4.51127 -3.3715 -17.9069 8.79322
internal_weight=334 107 227 85 118 76 109 47 73 48 42 49
internal_count=334 107 227 85 118 76 109 47 73 48 42 49
is_linear=0
shrinkage=0.03


Tree=47
num_leaves=12
num_cat=0
split_feature=10 10 10 10 10 10 15 3 10 15 15
split_gain=4.62196e+07 8.8037e+06 4.81426e+06 1.58002e+06 1.02457e+06 901995 602750 435256 830645 361131 148417
threshold=11149.000000000002 13830.000000000002 9368.5000000000018 12747.500000000002 8798.0000000000018 10522.500000000002 8792.5595238095248 8.0000000000000018 10030.000000000002 12359.73511904762 9556.961309523811
decision_type=2 2 2 2 2 2 2 2 2 2 2
left_child=2 3 4 9 -1 7 -6 8 -4 -2 -7
right_child=1 -3 5 -5 6 10 -8 -9 -10 -11 -12
leaf_value=-19.970694330388849 8.0590470592395675 26.708762982342694 -11.917566244125364 14.718848441339308 -9.9927027034759508 -3.985955211203545 -16.388084193638395 -3.6144121076749718 -4.5914197122133693 3.0555306386947629 -0.67119553027614465
leaf_weight=22 37 37 30 31 36 20 21 23 26 20 31
leaf_count=22 37 37 30 31 36 20 21 23 26 20 31
internal_value=4.05209e-09 14.4304 -8.63064 9.26795 -14.4714 -5.08124 -12.3489 -7.08906 -8.51614 6.30343 -1.9711
internal_weight=334 125 209 88 79 130 57 79 56 57 51
internal_count=334 125 209 88 79 130 57 79 56 57 51
is_linear=0
shrinkage=0.03


Tree=48
num_leaves=12
num_cat=0
split_feature=10 10 10 13 10 0 10 10 10 14 16
split_gain=4.35666e+07 6.93462e+06 5.97493e+06 1.80692e+06 1.66889e+06 1.39205e+06 957230 342386 211169 166488 73376.1
threshold=11688.000000000002 14457.500000000002 9721.5000000000018 8475.1458333333358 12985.000000000002 14.000000000000002 10885.000000000002 9082.5000000000018 10522.500000000002 990.57612659863037 1156.5424792032138
decision_type=2 2 2 2 2 2 2 2 2 2 2
left_child=2 4 3 -1 9 7 8 -5 10 -2 -4
right_child=1 -3 6 5 -6 -7 -8 -9 -10 -11 -12
leaf_value=-20.543334182739255 6.1871200933456425 30.793421506014738 -7.1042446572440001 -16.581212245396205 16.800208962758383 -5.9915272863705953 1.4189795327186583 -11.735813232421874 -2.65197959466414 9.7450429028478158 -4.6987863807678218
leaf_weight=20 20 22 21 21 36 36 36 35 33 29 25
leaf_count=20 20 22 21 21 36 36 36 35 33 29 25
internal_value=-1.55043e-08 15.7814 -7.43882 -12.3707 11.896 -10.5941 -2.63557 -13.5528 -4.48322 8.29283 -5.79693
internal_weight=334 107 227 112 85 92 115 56 79 49 46
internal_count=334 107 227 112 85 92 115 56 79 49 46
is_linear=0
shrinkage=0.03


Tree=49
num_leaves=12
num_cat=0
split_feature=10 10 10 13 10 0 10 10 15 0 2
split_gain=4.09918e+07 6.52478e+06 5.62181e+06 1.70013e+06 1.57026e+06 1.30978e+06 900658 322151 211031 403067 158062
threshold=11688.000000000002 14457.500000000002 9721.5000000000018 8475.1458333333358 12985.000000000002 14.000000000000002 10885.000000000002 9082.5000000000018 9305.7142857142881 14.000000000000002 15.500000000000002
decision_type=2 2 2 2 2 2 2 2 2 2 2
left_child=2 4 3 -1 10 7 8 -5 -4 -10 -2
right_child=1 -3 6 5 -6 -7 -8 -9 9 -11 -12
leaf_value=-19.927034231185914 9.5820777649349633 29.869619168368253 -6.4413241065399989 -16.083775852748325 16.296202898025513 -5.8117814819018037 1.3764101497332255 -11.383738887241908 -5.3420350926922211 0.12056332039833068 6.1564583223516287
leaf_weight=20 27 22 28 21 36 36 36 35 31 20 22
leaf_count=20 27 22 28 21 36 36 36 35 31 20 22
internal_value=1.73246e-08 15.308 -7.21565 -11.9996 11.5391 -10.2762 -2.55651 -13.1463 -4.34872 -3.19984 8.04404
internal_weight=334 107 227 112 85 92 115 56 79 51 49
internal_count=334 107 227 112 85 92 115 56 79 51 49
is_linear=0
shrinkage=0.03


Tree=50
num_leaves=12
num_cat=0
split_feature=13 13 0 13 6 6 13 0 3 11 14
split_gain=3.183e+07 8.64861e+06 3.27883e+06 2.1681e+06 1.88511e+06 1.49765e+06 899134 619749 551478 544657 24817.4
threshold=12123.750000000002 9563.2708333333358 17.500000000000004 8475.1458333333358 -0.9159756150367534 -0.9159756150367534 10384.250000000002 17.500000000000004 8.0000000000000018 11988.000000000002 1123.9161948053106
decision_type=2 2 2 2 2 2 2 2 2 2 2
left_child=1 3 -2 -1 7 6 -3 -5 -6 10 -7
right_child=2 5 -4 4 8 9 -8 -9 -10 -11 -12
leaf_value=-17.780417498016355 10.627123455634484 0.89652890610694891 22.928780987079328 -1.5024283695220946 -8.6035985298156721 -2.8762225914001465 9.430567868041992 -7.6310927300982998 -14.110985717773438 2.4398805055618284 -4.3707341895103449
leaf_weight=25 39 20 39 33 30 20 25 27 36 20 20
leaf_count=25 39 20 39 33 30 20 25 27 36 20 20
internal_value=1.04504e-08 -5.11203 16.778 -9.71016 -8.10891 1.50051 5.63766 -4.26033 -11.6076 -1.60236 -3.62348
internal_weight=334 256 78 151 126 105 45 60 66 60 40
internal_count=334 256 78 151 126 105 45 60 66 60 40
is_linear=0
shrinkage=0.03


Tree=51
num_leaves=12
num_cat=0
split_feature=10 10 10 13 10 6 10 10 14 15 12
split_gain=3.64925e+07 5.91028e+06 5.04619e+06 1.52732e+06 1.43841e+06 1.18831e+06 700102 310152 231882 153419 404283
threshold=11688.000000000002 14457.500000000002 9786.0000000000018 8531.0208333333339 12747.500000000002 -0.9159756150367534 10885.000000000002 9093.0000000000018 1001.0917247461176 9305.7142857142881 10809.500000000002
decision_type=2 2 2 2 2 2 2 2 2 2 2
left_child=2 4 3 -1 -2 -5 9 -7 -6 -4 -11
right_child=1 -3 6 5 8 7 -8 -9 -10 10 -12
leaf_value=-18.043641461833662 6.6180416120015657 28.302442203868516 -5.7483312801361084 -5.1323672552903492 12.021269348144532 -15.085998950958251 1.2694879937171935 -10.490984356219951 16.317937488555909 0.2717705576760428 -5.2782307709587943
leaf_weight=23 39 22 25 36 20 20 36 39 26 21 27
leaf_count=23 39 22 25 36 20 20 36 39 26 21 27
internal_value=1.78439e-08 14.4434 -6.80815 -11.1071 10.8564 -9.42772 -2.15424 -12.0486 14.4498 -3.84265 -2.85011
internal_weight=334 107 227 118 85 95 109 59 46 73 48
internal_count=334 107 227 118 85 95 109 59 46 73 48
is_linear=0
shrinkage=0.03


Tree=52
num_leaves=13
num_cat=0
split_feature=10 10 10 10 14 10 5 0 15 9 12 12
split_gain=3.43513e+07 6.68954e+06 3.5956e+06 1.52704e+06 893575 882988 388846 642844 349116 309708 219304 180026
threshold=11149.000000000002 13997.000000000002 9243.5000000000018 12747.500000000002 1065.9935280938357 10347.500000000002 1.0000000180025095e-35 14.000000000000002 12359.73511904762 0.6830127018922193 11402.500000000002 10224.500000000002
decision_type=2 2 2 2 2 2 2 2 2 2 2 2
left_child=2 3 4 8 11 6 7 -4 -2 10 -7 -1
right_child=1 -3 5 -5 -6 9 -8 -9 -10 -11 -12 -13
leaf_value=-8.7377614488601676 7.1005056443085532 24.525525748960433 -8.3124676388331817 13.200914274679647 -18.261198198145085 1.5967638030052183 -10.603142623901366 -1.8560726385012918 2.180927298545837 -4.7829455757141108 -2.8459140229225159 -12.670425349148838
leaf_weight=20 37 31 35 37 22 20 20 23 20 27 20 22
leaf_count=20 37 31 35 37 22 20 20 23 20 27 20 22
internal_value=2.60726e-08 12.4405 -7.44049 8.45501 -13.3633 -4.82629 -6.99601 -5.75217 5.37434 -2.30034 -0.624575 -10.7977
internal_weight=334 125 209 94 64 145 78 58 57 67 40 42
internal_count=334 125 209 94 64 145 78 58 57 67 40 42
is_linear=0
shrinkage=0.03


Tree=53
num_leaves=12
num_cat=0
split_feature=10 10 10 13 10 0 10 10 14 10 12
split_gain=3.23696e+07 5.29236e+06 4.51162e+06 1.3888e+06 1.24648e+06 1.00998e+06 678946 258053 209108 155882 72228.3
threshold=11688.000000000002 14457.500000000002 9721.5000000000018 8475.1458333333358 12747.500000000002 14.000000000000002 10885.000000000002 9082.5000000000018 1001.0917247461176 10522.500000000002 10891.500000000002
decision_type=2 2 2 2 2 2 2 2 2 2 2
left_child=2 4 3 -1 -2 7 9 -5 -6 10 -4
right_child=1 -3 6 5 8 -7 -8 -9 -10 -11 -12
leaf_value=-17.862566771507261 6.2632494104825538 26.717602532126687 -3.8803581839341388 -14.289392302376884 11.247616744995117 -5.2197102534770963 1.1765021642049154 -10.082840829031808 15.327837113967307 -2.2209029433944005 -6.2783748049736019
leaf_weight=20 39 22 26 21 20 36 36 35 26 33 20
leaf_count=20 39 22 26 21 20 36 36 35 26 33 20
internal_value=-5.22308e-08 13.6031 -6.41203 -10.6977 10.2087 -9.14007 -2.2382 -11.6603 13.5538 -3.79426 -4.92297
internal_weight=334 107 227 112 85 92 115 56 46 79 46
internal_count=334 107 227 112 85 92 115 56 46 79 46
is_linear=0
shrinkage=0.03


Tree=54
num_leaves=13
num_cat=0
split_feature=10 10 10 13 10 6 10 12 10 2 12 12
split_gain=3.04565e+07 4.97958e+06 4.24499e+06 1.30672e+06 1.1867e+06 950770 640743 276011 250714 156372 105308 308768
threshold=11688.000000000002 14457.500000000002 9721.5000000000018 8475.1458333333358 12985.000000000002 -0.9159756150367534 10751.000000000002 11642.500000000002 9082.5000000000018 15.500000000000002 10891.500000000002 8501.5000000000018
decision_type=2 2 2 2 2 2 2 2 2 2 2 2
left_child=2 4 3 -1 9 -5 10 -8 -7 -2 11 -4
right_child=1 -3 6 5 -6 8 7 -9 -10 -11 -12 -13
leaf_value=-17.326689542770385 8.3939338726467554 25.916075019836423 -5.6599889945983888 -4.9739057354245864 14.037990475495656 -13.860710454668316 2.5672049353672906 -1.998494726527821 -9.7360565185546868 4.986666890924627 -5.5599874668854934 -0.45158755874633782
leaf_weight=20 27 22 21 35 36 21 26 22 36 22 26 20
leaf_count=20 27 22 21 35 36 21 26 22 36 22 26 20
internal_value=-5.86767e-09 13.195 -6.21967 -10.3767 9.90248 -8.86587 -2.17105 0.474593 -11.2557 6.86414 -4.06644 -3.11931
internal_weight=334 107 227 112 85 92 115 48 57 49 67 41
internal_count=334 107 227 112 85 92 115 48 57 49 67 41
is_linear=0
shrinkage=0.03


Tree=55
num_leaves=13
num_cat=0
split_feature=10 10 10 10 13 12 7 10 11 12 15 11
split_gain=2.87135e+07 5.62065e+06 2.99602e+06 1.74152e+06 900171 640309 561982 547057 514354 327638 263036 205732
threshold=11149.000000000002 14457.500000000002 9403.5000000000018 12747.500000000002 8475.1458333333358 8260.0000000000018 -0.83651630373780772 10030.000000000002 10123.000000000002 12260.000000000002 9432.9494047619064 13442.000000000002
decision_type=2 2 2 2 2 2 2 2 2 2 2 2
left_child=2 3 4 9 -1 -4 7 -7 -6 -2 -8 -5
right_child=1 -3 5 11 8 6 10 -9 -10 -11 -12 -13
leaf_value=-16.80688900709152 7.4130682270343486 25.138592470342463 -8.70220421382359 10.769928495572961 -11.733497993366138 -8.6456780745766366 -2.6454672443866731 -2.7012494802945537 -6.1632140796661377 2.8465178282030168 1.8959394017132845 14.782502786387568
leaf_weight=20 26 22 21 23 37 22 24 38 25 31 22 23
leaf_count=20 26 22 21 23 37 22 24 38 25 31 22 23
internal_value=-3.25987e-08 11.3739 -6.80257 8.43386 -11.2727 -3.91637 -2.96824 -4.88087 -9.48742 4.92951 -0.47349 12.7762
internal_weight=334 125 209 103 82 127 106 60 62 57 46 46
internal_count=334 125 209 103 82 127 106 60 62 57 46 46
is_linear=0
shrinkage=0.03


Tree=56
num_leaves=12
num_cat=0
split_feature=10 10 10 10 10 10 3 12 15 15 12
split_gain=2.70165e+07 5.30665e+06 2.82421e+06 923637 712948 486504 385498 317930 247843 215644 219652
threshold=11149.000000000002 13830.000000000002 9243.5000000000018 12620.000000000002 10235.000000000002 8798.0000000000018 8.0000000000000018 12302.500000000002 8665.7500000000018 9432.9494047619064 10988.000000000002
decision_type=2 2 2 2 2 2 2 2 2 2 2
left_child=2 3 5 7 6 -1 -4 -2 -7 -6 -11
right_child=1 -3 4 -5 9 8 -8 -9 -10 10 -12
leaf_value=-15.461654915376144 6.8877359008789059 20.565398947226033 -8.6994684529985697 10.897963153334224 -4.4299996142917211 -7.5375864985585208 -4.2142504675248089 2.2839000569449532 -12.15190544128418 1.3276640911102293 -2.7590345145093984
leaf_weight=22 27 37 35 34 27 20 34 27 22 20 29
leaf_count=22 27 37 35 34 27 20 34 27 22 20 29
internal_value=2.6019e-09 11.0327 -6.59849 7.0246 -4.28162 -11.8477 -6.48936 4.58582 -9.95461 -2.27722 -1.09099
internal_weight=334 125 209 88 145 64 69 54 42 76 49
internal_count=334 125 209 88 145 64 69 54 42 76 49
is_linear=0
shrinkage=0.03


Tree=57
num_leaves=11
num_cat=0
split_feature=13 13 6 13 6 6 12 3 11 15
split_gain=2.11403e+07 5.54529e+06 2.20497e+06 1.77662e+06 1.33534e+06 1.23152e+06 845652 579678 214205 149753
threshold=12123.750000000002 9745.7916666666697 1.0000000180025095e-35 8475.1458333333358 -0.9159756150367534 -0.98296291314453399 8340.0000000000018 8.0000000000000018 11988.000000000002 9193.8065476190495
decision_type=2 2 2 2 2 2 2 2 2 2
left_child=1 3 -2 -1 6 -3 -5 -6 -7 -8
right_child=2 5 -4 4 7 8 9 -9 -10 -11
leaf_value=-14.716286013793944 18.717383521153376 6.3383541281563893 8.6293755110410544 -7.8948646350340406 -6.2894091796874996 -2.5253054472707932 -2.2901703147246284 -11.568530537287394 1.3988581439426966 1.1159575707571847
leaf_weight=25 39 35 39 22 39 31 26 36 21 21
leaf_count=25 39 35 39 22 39 31 26 36 21 21
internal_value=1.07074e-10 -4.16611 13.6734 -7.33407 -6.05243 1.98775 -3.04053 -8.82339 -0.940547 -0.768283
internal_weight=334 256 78 169 144 87 69 75 52 47
internal_count=334 256 78 169 144 87 69 75 52 47
is_linear=0
shrinkage=0.03


Tree=58
num_leaves=13
num_cat=0
split_feature=10 10 10 5 11 10 10 10 2 15 6 2
split_gain=2.41237e+07 4.0528e+06 3.36961e+06 1.07485e+06 1.22314e+06 926700 493838 203122 154341 125719 272930 86585
threshold=11688.000000000002 14457.500000000002 9721.5000000000018 1.0000000180025095e-35 10199.500000000002 12985.000000000002 10885.000000000002 9146.5000000000018 15.500000000000002 9265.7440476190495 1.0000000180025095e-35 17.500000000000004
decision_type=2 2 2 2 2 2 2 2 2 2 2 2
left_child=2 5 3 4 7 8 9 -1 -2 -4 -11 -5
right_child=1 -3 6 11 -6 -7 -8 -9 -10 10 -12 -13
leaf_value=-12.138216632821342 7.6078459930419919 23.21970749421553 -5.1227941996118291 -11.786311308145523 -2.0006138690312705 12.427460772196451 0.98394189914067576 -8.1061190464185628 4.2227789963917299 0.11521788987246426 -4.1731294289757219 -14.577843481063843
leaf_weight=22 27 22 23 20 27 36 36 23 22 22 34 20
leaf_count=22 27 22 23 20 27 36 36 23 22 22 34 20
internal_value=-2.11472e-08 11.7433 -5.5354 -9.23912 -7.04858 8.77296 -1.9283 -10.0774 6.08802 -3.25539 -2.48842 -13.1821
internal_weight=334 107 227 112 72 85 115 45 49 79 56 40
internal_count=334 107 227 112 72 85 115 45 49 79 56 40
is_linear=0
shrinkage=0.03


Tree=59
num_leaves=13
num_cat=0
split_feature=10 10 10 5 0 10 10 10 14 12 12 12
split_gain=2.2698e+07 3.81328e+06 3.17133e+06 1.09065e+06 1.2302e+06 879806 414487 253278 191084 157048 102436 284702
threshold=11688.000000000002 14457.500000000002 9786.0000000000018 1.0000000180025095e-35 14.000000000000002 12747.500000000002 10885.000000000002 9211.0000000000018 1001.0917247461176 9076.0000000000018 8445.5000000000018 10809.500000000002
decision_type=2 2 2 2 2 2 2 2 2 2 2 2
left_child=2 5 3 4 7 -2 10 -1 -7 -5 -4 -12
right_child=1 -3 6 9 -6 8 -8 -9 -10 -11 11 -13
leaf_value=-12.040702743530273 5.1950120588449327 22.523116640177641 -4.8084590985775 -14.58112181854248 -1.9069718956947326 9.1155256862640375 0.95442365566889442 -7.5843287467956539 13.01594366807204 -10.907999478253451 0.12825221836566925 -4.2889750918026621
leaf_weight=22 39 22 20 20 30 20 36 24 26 22 24 29
leaf_count=22 39 22 20 20 30 20 36 24 26 22 24 29
internal_value=-4.06882e-09 11.391 -5.36934 -8.77735 -6.63327 8.50977 -1.67993 -9.71564 11.3201 -12.6571 -2.97906 -2.28872
internal_weight=334 107 227 118 76 85 109 46 46 42 73 53
internal_count=334 107 227 118 76 85 109 46 46 42 73 53
is_linear=0
shrinkage=0.03


Tree=60
num_leaves=12
num_cat=0
split_feature=13 13 0 13 0 0 11 16 0 13 16
split_gain=1.76917e+07 4.61751e+06 1.84811e+06 1.55516e+06 1.10651e+06 792061 505159 498510 412651 103876 31684.5
threshold=12123.750000000002 9745.7916666666697 17.500000000000004 8475.1458333333358 14.000000000000002 17.500000000000004 12149.000000000002 1103.0958555005677 17.500000000000004 9274.6250000000018 1215.7211330974567
decision_type=2 2 2 2 2 2 2 2 2 2 2
left_child=1 3 -2 -1 7 10 -7 -5 -6 -9 -3
right_child=2 5 -4 4 8 6 -8 9 -10 -11 -12
leaf_value=-13.608802249145507 7.8906879491072441 -0.21795698118209839 17.126353524281427 -10.881556055545806 -0.36007226813923227 8.1553410415649417 1.6996776700019836 -7.476122347354889 -4.9743535059851567 -4.4888282988830044 -1.8506338131946065
leaf_weight=25 39 20 39 32 33 20 24 20 37 22 23
leaf_count=25 39 20 39 32 33 20 24 20 37 22 23
internal_value=2.83747e-09 -3.81119 12.5085 -6.70201 -5.50292 1.80431 4.63407 -8.06063 -2.79905 -5.91135 -1.09125
internal_weight=334 256 78 169 144 87 44 74 70 42 43
internal_count=334 256 78 169 144 87 44 74 70 42 43
is_linear=0
shrinkage=0.03


Tree=61
num_leaves=13
num_cat=0
split_feature=10 10 10 5 11 10 10 9 10 15 0 11
split_gain=2.02856e+07 3.44282e+06 2.85059e+06 920769 1.03018e+06 788462 392248 183855 175447 105921 246434 88036.5
threshold=11688.000000000002 14457.500000000002 9721.5000000000018 1.0000000180025095e-35 10199.500000000002 12747.500000000002 10885.000000000002 1.0000000180025095e-35 9146.5000000000018 9265.7440476190495 14.000000000000002 10166.000000000002
decision_type=2 2 2 2 2 2 2 2 2 2 2 2
left_child=2 5 3 4 8 -2 9 -7 -1 -4 -11 -5
right_child=1 -3 6 11 -6 7 -8 -9 -10 10 -12 -13
leaf_value=-11.1500403954766 4.8929926168001616 21.346226616772739 -4.6551114737469215 -10.724545429944992 -1.8223630062739054 12.354860022618221 0.83716669718424475 8.5289386167526242 -7.4026774530825401 -3.8378909243555626 0.23698979030955922 -13.53937859916687
leaf_weight=22 39 22 23 20 27 26 36 20 23 34 22 20
leaf_count=22 39 22 23 20 27 26 36 20 23 34 22 20
internal_value=-4.92541e-10 10.7687 -5.07599 -8.48254 -6.45509 8.03096 -1.7583 10.6914 -9.23472 -2.94104 -2.23704 -12.132
internal_weight=334 107 227 112 72 85 115 46 45 79 56 40
internal_count=334 107 227 112 72 85 115 46 45 79 56 40
is_linear=0
shrinkage=0.03


Tree=62
num_leaves=12
num_cat=0
split_feature=10 10 10 13 10 0 10 2 12 16 15
split_gain=1.90867e+07 3.23935e+06 2.68212e+06 889228 751806 603997 370990 260105 225808 174611 71434
threshold=11688.000000000002 14457.500000000002 9721.5000000000018 8475.1458333333358 13142.000000000002 14.000000000000002 10615.500000000002 8.5000000000000018 11592.000000000002 1117.4063553489659 9341.9821428571449
decision_type=2 2 2 2 2 2 2 2 2 2 2
left_child=2 4 3 -1 7 9 10 -2 -8 -5 -4
right_child=1 -3 6 5 -6 -7 8 -9 -10 -11 -12
leaf_value=-13.961275554656982 8.4354807472229005 20.705839805603027 -4.9320325224740165 -10.228264078412737 11.610227264404296 -3.9500080841779703 1.3480906522596205 4.1467560620989117 -2.3000639666043794 -6.7680172157287597 -2.6659019874757335
leaf_weight=20 20 22 21 35 30 36 37 35 26 21 31
leaf_count=20 20 22 21 35 30 36 37 35 26 21 31
internal_value=3.2315e-08 10.4456 -4.92371 -8.22807 7.79003 -6.98172 -1.70555 5.70629 -0.157497 -8.93067 -3.58107
internal_weight=334 107 227 112 85 92 115 55 63 56 52
internal_count=334 107 227 112 85 92 115 55 63 56 52
is_linear=0
shrinkage=0.03


Tree=63
num_leaves=14
num_cat=0
split_feature=10 10 10 10 14 12 6 10 15 15 12 15 14
split_gain=1.79854e+07 3.64386e+06 1.864e+06 1.10219e+06 635695 470236 501863 379758 321795 273266 202428 191391 181534
threshold=11149.000000000002 14457.500000000002 9403.5000000000018 12747.500000000002 1088.5237638100964 8260.0000000000018 1.0000000180025095e-35 10030.000000000002 12359.73511904762 8815.9047619047651 10059.500000000002 9432.9494047619064 1001.0917247461176
decision_type=2 2 2 2 2 2 2 2 2 2 2 2 2
left_child=2 3 4 8 9 -4 11 -8 -2 10 -1 -7 -5
right_child=1 -3 5 12 -6 6 7 -9 -10 -11 -12 -13 -14
leaf_value=-3.7708145020008086 5.503890996365933 20.08466466730291 -7.2085637147086006 7.9402733945846551 -13.411570341927664 -1.7349960459833558 -7.0910825132287059 -2.2306590491074783 0.7807344102859497 -10.131072132928029 -8.039132446289063 2.2262773282187323 11.741969780555138
leaf_weight=20 37 22 21 20 21 23 23 39 20 21 20 21 26
leaf_count=20 37 22 21 20 21 23 23 39 20 21 20 21 26
internal_value=1.52902e-08 9.00174 -5.38382 6.63452 -8.90969 -3.10727 -2.29475 -4.03372 3.84664 -7.35986 -5.90497 0.155612 10.0891
internal_weight=334 125 209 103 82 127 106 62 57 61 40 44 46
internal_count=334 125 209 103 82 127 106 62 57 61 40 44 46
is_linear=0
shrinkage=0.03


Tree=64
num_leaves=14
num_cat=0
split_feature=10 10 10 5 11 10 10 15 1 12 12 12 10
split_gain=1.69469e+07 2.99598e+06 2.33332e+06 892586 952822 587822 418214 193358 179078 154176 129550 261008 74978
threshold=11990.500000000002 9786.0000000000018 14457.500000000002 1.0000000180025095e-35 10199.500000000002 11149.000000000002 13142.000000000002 12401.877976190479 2.5000000000000004 9076.0000000000018 8445.5000000000018 10809.500000000002 10522.500000000002
decision_type=2 2 2 2 2 2 2 2 2 2 2 2 2
left_child=1 3 6 4 8 10 7 -2 -1 -5 -3 -12 -13
right_child=2 5 -4 9 -6 -7 -8 -9 -10 -11 11 12 -14
leaf_value=-9.8810759205288363 8.3591334257125851 -4.2208316693987165 19.482124619917435 -13.004552249908446 -1.3723990384463605 2.5196601087396795 10.959083404541015 4.1875362567901604 -6.1357067642211911 -9.3651717853546135 0.64393825761203105 -4.3268842506408687 -1.7603007030487059
leaf_weight=27 20 21 22 20 29 33 30 20 20 22 29 21 20
leaf_count=27 20 21 22 20 29 33 30 20 20 22 29 21 20
internal_value=1.71319e-09 -4.16658 10.9599 -7.58837 -5.64872 -0.910363 8.28151 6.27333 -8.2873 -11.0982 -2.15422 -1.53423 -3.07489
internal_weight=334 242 92 118 76 124 70 40 47 42 91 70 41
internal_count=334 242 92 118 76 124 70 40 47 42 91 70 41
is_linear=0
shrinkage=0.03


Tree=65
num_leaves=13
num_cat=0
split_feature=10 10 10 5 0 10 10 10 15 3 3 12
split_gain=1.59454e+07 2.81892e+06 2.19542e+06 839834 904734 553082 393498 196829 181931 175009 149757 145064
threshold=11990.500000000002 9786.0000000000018 14457.500000000002 1.0000000180025095e-35 14.000000000000002 11149.000000000002 13142.000000000002 9211.0000000000018 12401.877976190479 2.5000000000000004 1.5000000000000002 9076.0000000000018
decision_type=2 2 2 2 2 2 2 2 2 2 2 2
left_child=1 3 6 4 7 9 8 -1 -2 10 -3 -5
right_child=2 5 -4 11 -6 -7 -8 -9 -10 -11 -12 -13
leaf_value=-10.17227556402033 8.1083594398498544 -2.8625373403487666 18.897660609158603 -12.614415870666503 -1.4261045222282409 2.4440702958540483 10.630310943603515 -6.2437699794769284 4.0619100179672243 -4.3517397308349608 -0.035787772874574401 -9.0842165955630207
leaf_weight=22 20 31 22 20 30 33 30 24 20 23 37 22
leaf_count=22 20 31 22 20 30 33 30 24 20 23 37 22
internal_value=-2.52267e-08 -4.04158 10.6311 -7.36072 -5.47926 -0.883052 8.03307 -8.12262 6.08513 -2.08959 -1.32445 -10.7653
internal_weight=334 242 92 118 76 124 70 46 40 91 68 42
internal_count=334 242 92 118 76 124 70 46 40 91 68 42
is_linear=0
shrinkage=0.03


Tree=66
num_leaves=14
num_cat=0
split_feature=10 10 10 5 0 10 10 10 15 12 12 12 10
split_gain=1.5003e+07 2.65232e+06 2.06567e+06 790200 851264 520395 370242 185196 171178 136491 118298 244645 70133.4
threshold=11990.500000000002 9786.0000000000018 14457.500000000002 1.0000000180025095e-35 14.000000000000002 11149.000000000002 13142.000000000002 9211.0000000000018 12401.877976190479 9076.0000000000018 8445.5000000000018 10809.500000000002 10522.500000000002
decision_type=2 2 2 2 2 2 2 2 2 2 2 2 2
left_child=1 3 6 4 7 10 8 -1 -2 -5 -3 -12 -13
right_child=2 5 -4 9 -6 -7 -8 -9 -10 -11 11 12 -14
leaf_value=-9.8671073237332418 7.8651086550951002 -4.0017316709245954 18.330731230649082 -12.23598321533203 -1.3833213844299315 2.3707482199235397 10.311401611328126 -6.0564568090438842 3.9400528535842891 -8.8116900001872658 0.67433566553839319 -4.1369083786010741 -1.6546265172958374
leaf_weight=22 20 21 22 20 30 33 30 24 20 22 29 21 20
leaf_count=22 20 21 22 20 30 33 30 24 20 22 29 21 20
internal_value=2.80749e-08 -3.92034 10.3122 -7.1399 -5.31488 -0.856561 7.79208 -7.87894 5.90258 -10.4423 -2.0269 -1.43446 -2.92604
internal_weight=334 242 92 118 76 124 70 46 40 42 91 70 41
internal_count=334 242 92 118 76 124 70 46 40 42 91 70 41
is_linear=0
shrinkage=0.03


Tree=67
num_leaves=13
num_cat=0
split_feature=10 10 10 13 10 5 0 10 14 0 16 10
split_gain=1.41194e+07 2.38111e+06 1.99426e+06 744571 575210 515865 714109 283496 113977 82433.3 144353 62052.5
threshold=11688.000000000002 14457.500000000002 9721.5000000000018 8475.1458333333358 12946.500000000002 1.0000000180025095e-35 14.000000000000002 10885.000000000002 1065.9935280938357 14.000000000000002 1143.3494428984693 9211.0000000000018
decision_type=2 2 2 2 2 2 2 2 2 2 2 2
left_child=2 4 3 -1 8 6 11 9 -2 -4 -11 -5
right_child=1 -3 7 5 -6 -7 -8 -9 -10 10 -12 -13
leaf_value=-12.330320915222169 3.0052655178308485 17.780808806419373 -3.4978308523023447 -8.3647144544720646 9.3876012259263266 -9.8346033685622007 -0.95356043764523102 0.74667455991109211 5.9947253556685007 -3.4003977184295651 0.12114600615067915 -6.0298142460414343
leaf_weight=20 24 22 37 20 39 23 28 36 22 20 22 21
leaf_count=20 24 22 37 20 39 23 28 36 22 20 22 21
internal_value=-1.22707e-08 8.98415 -4.23482 -7.08413 6.70737 -5.94365 -4.64667 -1.45985 4.43501 -2.46535 -1.55578 -7.16879
internal_weight=334 107 227 112 85 92 69 115 46 79 42 41
internal_count=334 107 227 112 85 92 69 115 46 79 42 41
is_linear=0
shrinkage=0.03


Tree=68
num_leaves=13
num_cat=0
split_feature=13 13 11 13 6 14 6 12 16 2 13 1
split_gain=1.10585e+07 2.88618e+06 1.3027e+06 971950 849832 739304 355736 438067 322976 124587 97925.5 81889.2
threshold=12123.750000000002 8926.3125000000018 14325.000000000002 9745.7916666666697 -0.98296291314453399 1065.9935280938357 -0.9159756150367534 8531.5000000000018 1063.2961780870919 18.500000000000004 9274.6250000000018 3.5000000000000004
decision_type=2 2 2 2 2 2 2 2 2 2 2 2
left_child=1 5 9 6 -5 8 7 -3 -1 -2 -8 -6
right_child=2 3 -4 4 11 -7 10 -9 -10 -11 -12 -13
leaf_value=-3.2513036477565764 8.2722390153672958 -3.953488682508469 14.928960935792018 4.9900776737758088 -2.0363824505959789 -12.174501196146011 -6.4529904011317658 1.9796233391761779 -7.8868520404446496 5.2309153084321451 -3.6478145718574524 0.38992390155792234
leaf_weight=24 27 24 29 35 31 24 21 21 31 22 24 21
leaf_count=24 27 24 29 35 31 24 21 21 31 22 24 21
internal_value=1.78787e-08 -3.01317 9.88936 -0.885078 1.37601 -7.78116 -3.0708 -1.1847 -5.86407 6.90675 -4.9569 -1.05653
internal_weight=334 256 78 177 87 79 90 45 55 49 45 52
internal_count=334 256 78 177 87 79 90 45 55 49 45 52
is_linear=0
shrinkage=0.03


Tree=69
num_leaves=14
num_cat=0
split_feature=10 10 10 13 0 8 12 10 12 16 15 10 2
split_gain=1.26284e+07 2.23333e+06 1.75989e+06 784896 591102 352258 582358 320282 316711 172170 168889 86596.1 34013.9
threshold=11990.500000000002 10235.000000000002 14457.500000000002 8531.0208333333339 14.000000000000002 0.68301270189221941 10425.500000000002 13142.000000000002 8631.0000000000018 1096.3218380864141 12401.877976190479 11149.000000000002 17.500000000000004
decision_type=2 2 2 2 2 2 2 2 2 2 2 2 2
left_child=1 3 7 -1 9 -3 -7 10 -6 -5 -2 -8 -11
right_child=2 5 -4 4 8 6 11 -9 -10 12 -12 -13 -14
leaf_value=-10.881021229670598 7.3268086938858028 -3.0587585753202435 16.862274687506936 -8.7022893751584558 -4.8533473091125483 4.2365544361538356 -2.293439375121018 9.4780353431701645 0.48556615233421324 -4.6961142468452453 3.4280928196907041 0.23613063267299106 -6.4248022617612559
leaf_weight=26 20 32 22 26 20 27 29 30 20 20 20 21 21
leaf_count=26 20 32 22 26 20 27 29 30 20 20 20 21 21
internal_value=-2.48412e-09 -3.59673 9.46097 -6.20575 -5.0697 -0.41325 0.686181 7.13484 -2.18389 -6.79258 5.37745 -1.23102 -5.58154
internal_weight=334 242 92 133 107 109 77 70 40 67 40 50 41
internal_count=334 242 92 133 107 109 77 70 40 67 40 50 41
is_linear=0
shrinkage=0.03


Tree=70
num_leaves=13
num_cat=0
split_feature=10 10 10 13 10 5 0 10 3 0 15 10
split_gain=1.18875e+07 2.02531e+06 1.68657e+06 646243 494847 475234 609638 229275 184919 73374.4 162907 54653.1
threshold=11688.000000000002 14457.500000000002 9721.5000000000018 8475.1458333333358 12747.500000000002 1.0000000180025095e-35 14.000000000000002 10885.000000000002 3.5000000000000004 14.000000000000002 9305.7142857142881 9211.0000000000018
decision_type=2 2 2 2 2 2 2 2 2 2 2 2
left_child=2 4 3 -1 -2 6 11 9 -6 -4 -11 -5
right_child=1 -3 7 5 8 -7 -8 -9 -10 10 -12 -13
leaf_value=-11.393552810668945 3.6577984457749584 16.356406334963712 -3.2121350868126832 -7.6513619184494015 6.0826899805068972 -9.1780990293751596 -0.78637492673737652 0.65053930759429923 9.9196717470425835 -3.1613350191983312 0.57968091058731086 -5.4600923374720978
leaf_weight=20 39 22 37 20 20 23 28 36 26 22 20 21
leaf_count=20 39 22 37 20 20 23 28 36 26 22 20 21
internal_value=-2.56041e-09 8.24355 -3.88573 -6.50603 6.14376 -5.44352 -4.19866 -1.33379 8.25142 -2.23803 -1.3799 -6.529
internal_weight=334 107 227 112 85 92 69 115 46 79 42 41
internal_count=334 107 227 112 85 92 69 115 46 79 42 41
is_linear=0
shrinkage=0.03


Tree=71
num_leaves=13
num_cat=0
split_feature=10 10 10 13 0 10 12 10 3 10 15 13
split_gain=1.11941e+07 2.07452e+06 1.48093e+06 702932 540400 341024 289072 255851 195274 128462 95614.4 169964
threshold=12063.500000000002 10235.000000000002 14457.500000000002 8475.1458333333358 14.000000000000002 11149.000000000002 8631.0000000000018 13142.000000000002 1.5000000000000002 9109.0000000000018 9432.9494047619064 10196.687500000002
decision_type=2 2 2 2 2 2 2 2 2 2 2 2
left_child=1 3 7 -1 8 10 -6 -2 -5 -10 -3 -12
right_child=2 5 -4 4 6 -7 -8 -9 9 -11 11 -13
leaf_value=-10.49139778137207 5.2255308189907588 -2.8747671251826814 15.865714151209051 -4.3111222864150998 -4.5960424661636354 2.1032953898111977 0.50459321665763857 8.9536588945388775 -9.4070856800079348 -6.1516165822744373 0.8787380014147077 -2.6915998159136088
leaf_weight=24 37 27 22 25 20 36 20 30 20 24 28 21
leaf_count=24 37 27 22 25 20 36 20 30 20 24 28 21
internal_value=2.25927e-08 -3.3102 9.11236 -5.84347 -4.82007 -0.301955 -2.04572 6.89484 -6.42839 -7.63138 -1.44128 -0.651407
internal_weight=334 245 89 133 109 112 40 67 69 44 76 49
internal_count=334 245 89 133 109 112 40 67 69 44 76 49
is_linear=0
shrinkage=0.03


Tree=72
num_leaves=13
num_cat=0
split_feature=13 13 11 6 14 13 16 13 11 1 16 13
split_gain=8.72378e+06 2.24124e+06 1.1662e+06 844302 668437 653572 280137 279195 237895 131002 70843.4 45702.2
threshold=11946.85416666667 8926.3125000000018 14325.000000000002 -0.9159756150367534 1065.9935280938357 9745.7916666666697 1070.7550786873187 9806.4791666666679 10730.500000000002 2.5000000000000004 1147.3153579186262 10957.312500000002
decision_type=2 2 2 2 2 2 2 2 2 2 2 2
left_child=1 4 9 5 6 8 -1 10 -3 -2 -5 -9
right_child=2 3 -4 7 -6 -7 -8 11 -10 -11 -12 -13
leaf_value=-2.930633313920763 7.6389140250466081 0.93911720409393307 13.388995446829959 -5.6822272500124846 -11.111335339546203 4.4113045334815979 -7.2134241771697996 -0.16765097444707697 -3.4505834913253781 4.5910866177082061 -3.3253721474856137 -2.0424609477996825
leaf_weight=27 22 25 29 22 24 36 28 22 20 30 24 25
leaf_count=27 22 25 29 22 24 36 28 22 20 30 24 25
internal_value=-6.69749e-09 -2.74336 8.56876 -0.840773 -6.93386 1.39843 -5.11096 -2.79105 -1.01186 5.88055 -4.45256 -1.16489
internal_weight=334 253 81 174 79 81 55 93 45 52 46 47
internal_count=334 253 81 174 79 81 55 93 45 52 46 47
is_linear=0
shrinkage=0.03


Tree=73
num_leaves=14
num_cat=0
split_feature=10 10 10 13 5 6 10 13 15 6 3 12 10
split_gain=1.00039e+07 1.72984e+06 1.43111e+06 559021 432891 522961 421645 237674 322388 275829 175002 56405.9 46546.8
threshold=11688.000000000002 14457.500000000002 9721.5000000000018 8475.1458333333358 1.0000000180025095e-35 1.0000000180025095e-35 12747.500000000002 10677.22916666667 9556.961309523811 1.0000000180025095e-35 3.5000000000000004 8445.5000000000018 9211.0000000000018
decision_type=2 2 2 2 2 2 2 2 2 2 2 2 2
left_child=2 6 3 -1 5 -5 -2 8 11 -10 -8 -4 -7
right_child=1 -3 7 4 -6 12 10 -9 9 -11 -12 -13 -14
leaf_value=-10.524065586090087 3.3269843435287476 15.060055744431235 -3.5342483940124509 -0.64159200208527689 -8.5544417406165074 -6.9961222858428957 5.4574782106876372 -4.1862912425994869 3.5256784592504085 -1.0718125557899476 9.1901534447990922 -1.4482693142550331 -4.9738783536638529
leaf_weight=20 39 22 20 28 23 20 20 20 23 24 26 28 21
leaf_count=20 39 22 20 28 23 20 20 20 23 24 26 28 21
internal_value=8.61947e-10 7.56231 -3.56461 -5.97832 -4.99012 -3.80201 5.62172 -1.21387 -0.588099 1.17802 7.56725 -2.31743 -5.96034
internal_weight=334 107 227 112 92 69 85 115 95 47 46 48 41
internal_count=334 107 227 112 92 69 85 115 95 47 46 48 41
is_linear=0
shrinkage=0.03


Tree=74
num_leaves=12
num_cat=0
split_feature=10 10 10 5 11 10 10 10 11 3 15
split_gain=9.42257e+06 1.75674e+06 1.26758e+06 540158 607178 352866 226609 164528 164094 151989 93899.6
threshold=12063.500000000002 9786.0000000000018 14457.500000000002 1.0000000180025095e-35 10148.500000000002 11149.000000000002 13142.000000000002 9146.5000000000018 10199.500000000002 2.5000000000000004 9556.961309523811
decision_type=2 2 2 2 2 2 2 2 2 2 2
left_child=1 3 6 4 7 9 -2 -1 -5 10 -3
right_child=2 5 -4 8 -6 -7 -8 -9 -10 -11 -12
leaf_value=-8.4119756480625689 4.7376817249929584 -1.8604241361116107 14.608254104961048 -6.6149013311212714 -1.10263944755901 1.9258403333028158 8.2462969932556156 -4.6995792135325347 -10.369520673751831 -3.6910687239273736 0.38477639865875246
leaf_weight=21 37 38 22 22 33 36 30 22 20 23 30
leaf_count=21 37 38 22 22 33 36 30 22 20 23 30
internal_value=-1.72711e-08 -3.037 8.36028 -5.67244 -4.16354 -0.588324 6.3087 -6.51261 -8.40282 -1.58294 -0.869894
internal_weight=334 245 89 118 76 127 67 43 42 91 68
internal_count=334 245 89 118 76 127 67 43 42 91 68
is_linear=0
shrinkage=0.03


Tree=75
num_leaves=12
num_cat=0
split_feature=10 10 10 5 11 10 10 10 11 3 3
split_gain=8.8657e+06 1.65292e+06 1.19266e+06 508235 571294 332012 213216 154804 154396 143007 89228
threshold=12063.500000000002 9786.0000000000018 14457.500000000002 1.0000000180025095e-35 10148.500000000002 11149.000000000002 13142.000000000002 9146.5000000000018 10199.500000000002 2.5000000000000004 1.5000000000000002
decision_type=2 2 2 2 2 2 2 2 2 2 2
left_child=1 3 6 4 7 9 -2 -1 -5 10 -3
right_child=2 5 -4 8 -6 -7 -8 -9 -10 -11 -12
leaf_value=-8.1596163722446988 4.5955513472170439 -2.0310347538609657 14.170006289915605 -6.4164541938088151 -1.0695602690089832 1.8680651664733885 7.998908074378968 -4.5585917914997438 -10.058435022354125 -3.5803366271309232 0.15091457083418561
leaf_weight=21 37 31 22 22 33 36 30 22 20 23 37
leaf_count=21 37 31 22 22 33 36 30 22 20 23 37
internal_value=2.86959e-09 -2.94589 8.10947 -5.50226 -4.03864 -0.570674 6.11944 -6.31723 -8.15073 -1.53545 -0.843798
internal_weight=334 245 89 118 76 127 67 43 42 91 68
internal_count=334 245 89 118 76 127 67 43 42 91 68
is_linear=0
shrinkage=0.03


Tree=76
num_leaves=15
num_cat=0
split_feature=10 10 13 13 16 5 6 12 15 15 15 14 10 15
split_gain=8.34173e+06 1.55523e+06 1.1871e+06 505017 416597 401602 500305 326733 929619 125188 107173 49277.7 44847.4 36507.6
threshold=12063.500000000002 9786.0000000000018 13622.708333333334 8475.1458333333358 1410.0633071031 1.0000000180025095e-35 1.0000000180025095e-35 10809.500000000002 9640.1458333333339 12359.73511904762 12104.199404761906 1116.499576558374 9243.5000000000018 9258.0714285714294
decision_type=2 2 2 2 2 2 2 2 2 2 2 2 2 2
left_child=1 3 4 -1 10 6 -5 8 13 11 -2 -9 -8 -3
right_child=2 7 -4 5 -6 -7 12 9 -10 -11 -12 -13 -14 -15
leaf_value=-9.5552252851213719 5.6464522092682978 -2.6895538959503176 13.912568279613149 -0.25801737588027429 9.0472404730319962 -7.7905965757369993 -6.2912429523468019 -2.2251264438629152 5.7859712617293644 -3.9618860898699078 2.6502150252732362 -0.18901470391646674 -4.3756923710216178 -0.87690769243240363
leaf_weight=21 21 20 22 29 24 24 22 20 23 21 22 23 22 20
leaf_count=21 21 20 22 29 24 24 22 20 23 21 22 23 22 20
internal_value=8.78009e-09 -2.85751 7.86619 -5.3372 5.88081 -4.42401 -3.31719 -0.553554 0.980129 -2.06327 4.11349 -1.13604 -5.33347 -1.78323
internal_weight=334 245 89 118 67 97 73 127 63 64 43 43 44 40
internal_count=334 245 89 118 67 97 73 127 63 64 43 43 44 40
is_linear=0
shrinkage=0.03


Tree=77
num_leaves=12
num_cat=0
split_feature=10 13 10 14 13 13 15 0 13 13 16
split_gain=7.87659e+06 1.41657e+06 1.12223e+06 513735 465440 315273 284343 365744 217063 269889 82220.8
threshold=11688.000000000002 13622.708333333334 9721.5000000000018 1111.783549585849 8475.1458333333358 11946.85416666667 8901.1279761904789 14.000000000000002 10677.22916666667 9745.7916666666697 1140.6903582944494
decision_type=2 2 2 2 2 2 2 2 2 2 2
left_child=2 3 4 5 -1 -2 7 -6 9 10 -4
right_child=1 -3 8 -5 6 -7 -8 -9 -10 -11 -12
leaf_value=-9.4482458496093749 0.39527869527990167 13.495191411105068 -3.0646956706047055 7.9556769824400542 -5.2691083234548568 5.0910895318369711 -6.5770167033812577 -0.47881717856113726 -3.9219290142059324 1.6103040422712054 -0.79780411005020135
leaf_weight=20 22 22 24 32 32 31 34 26 20 35 36
leaf_count=20 22 22 24 32 32 31 34 26 20 35 36
internal_value=1.50975e-09 6.71024 -3.16298 4.95414 -5.30039 3.14189 -4.39869 -3.12174 -1.08132 -0.483295 -1.70456
internal_weight=334 107 227 85 112 53 92 58 115 95 60
internal_count=334 107 227 85 112 53 92 58 115 95 60
is_linear=0
shrinkage=0.03


Tree=78
num_leaves=13
num_cat=0
split_feature=10 10 12 10 0 10 10 6 1 14 14 14
split_gain=7.42107e+06 1.67723e+06 829616 962318 624076 333559 316985 242472 231010 51401.6 49787.9 37131.8
threshold=11149.000000000002 13997.000000000002 8100.0000000000009 8869.0000000000018 14.000000000000002 10030.000000000002 12620.000000000002 -0.98296291314453399 4.5000000000000009 1008.0883802752595 1058.721499065952 1038.1450890128963
decision_type=2 2 2 2 2 2 2 2 2 2 2 2
left_child=2 6 -1 -4 5 11 7 -2 10 -8 -6 -5
right_child=1 -3 3 4 8 -7 9 -9 -10 -11 -12 -13
leaf_value=-8.9688669308749116 4.9083590784072877 11.833533198179737 -8.0488751771714941 -5.8903770732879632 0.122102723040364 -1.4021040307558499 4.735388197302818 0.74547755746280442 2.8886367675236295 6.8862360477447506 -1.8537075138092041 -4.3126863907123436
leaf_weight=22 20 31 27 25 22 39 20 34 21 20 24 29
leaf_count=22 20 31 27 25 22 39 20 34 21 20 24 29
internal_value=-2.20519e-08 5.78228 -3.4583 -2.81 -1.92594 -3.51623 3.78666 2.28729 0.281472 5.81081 -0.908755 -5.0431
internal_weight=334 125 209 187 160 93 94 54 67 40 46 54
internal_count=334 125 209 187 160 93 94 54 67 40 46 54
is_linear=0
shrinkage=0.03


Tree=79
num_leaves=12
num_cat=0
split_feature=10 13 13 14 14 6 12 13 16 10 13
split_gain=6.9883e+06 1.30307e+06 1.01537e+06 574887 470338 408375 500982 285564 248242 244645 128038
threshold=11688.000000000002 13622.708333333334 8926.3125000000018 1065.9935280938357 1111.783549585849 -0.9159756150367534 8531.5000000000018 11946.85416666667 1070.7550786873187 10030.000000000002 10644.125000000002
decision_type=2 2 2 2 2 2 2 2 2 2 2
left_child=2 4 3 8 7 6 -4 -2 -1 -7 -11
right_child=1 -3 5 -5 -6 9 -8 -9 -10 10 -12
leaf_value=-1.9825317181481257 0.28824959668246181 12.828017089150169 -2.8743010590626641 -9.5996572542190552 7.5082352292537688 -4.7032446585474785 2.5596391992311216 4.7573381590074106 -6.0141527325766431 -0.14752436757087706 -3.2903278226852417
leaf_weight=27 22 22 26 24 32 37 37 31 28 28 20
leaf_count=27 22 22 26 24 32 37 37 31 28 28 20
internal_value=6.2103e-09 6.32055 -2.97929 -5.72552 4.63626 -1.5134 0.317061 2.90224 -4.03499 -2.87009 -1.45703
internal_weight=334 107 227 79 85 148 63 53 55 85 48
internal_count=334 107 227 79 85 148 63 53 55 85 48
is_linear=0
shrinkage=0.03


Tree=80
num_leaves=12
num_cat=0
split_feature=10 10 13 1 10 13 11 15 6 3 10
split_gain=6.5862e+06 1.5294e+06 759270 567811 328284 278044 444055 208961 163300 156373 148827
threshold=11149.000000000002 13997.000000000002 8771.7083333333339 4.5000000000000009 9312.0000000000018 11946.85416666667 12329.000000000002 12537.937500000002 -0.9159756150367534 1.5000000000000002 10030.000000000002
decision_type=2 2 2 2 2 2 2 2 2 2 2
left_child=2 5 3 -1 -4 6 -2 -7 9 -6 -10
right_child=1 -3 4 -5 8 7 -8 -9 10 -11 -12
leaf_value=-9.3022246415274488 4.8861934375762939 11.225757891747259 -4.8265486171666305 -3.0138232326507568 -2.1623829317092893 7.0247787162780764 -1.0755117355740589 3.1057692623138426 -4.2240824614630803 1.0201754450798035 -1.3266047044900746
leaf_weight=28 22 31 34 24 24 25 23 24 27 33 39
leaf_count=28 22 31 34 24 24 25 23 24 27 33 39
internal_value=-1.74531e-09 5.44733 -3.25797 -6.39989 -2.21734 3.54167 1.8391 5.10526 -1.49609 -0.319849 -2.51194
internal_weight=334 125 209 52 157 94 45 49 123 57 66
internal_count=334 125 209 52 157 94 45 49 123 57 66
is_linear=0
shrinkage=0.03


Tree=81
num_leaves=14
num_cat=0
split_feature=10 10 13 13 16 14 5 0 8 6 14 16 11
split_gain=6.21483e+06 1.18152e+06 958653 496510 361642 301007 505233 274548 216793 351854 77586.5 77125.9 25889.2
threshold=12063.500000000002 10347.500000000002 13622.708333333334 8475.1458333333358 1410.0633071031 961.60812557457189 1.0000000180025095e-35 14.000000000000002 0.68301270189221941 -0.9159756150367534 1091.0314258228027 1226.9915430752378 11895.000000000002
decision_type=2 2 2 2 2 2 2 2 2 2 2 2 2
left_child=1 3 4 -1 11 -5 7 10 -3 -10 -7 -2 -11
right_child=2 8 -4 5 -6 6 -8 -9 9 12 -12 -13 -14
leaf_value=-8.1742618989944447 4.543711925174879 -2.1672786552906036 12.223244023756546 -0.086729846477508546 7.955757200717926 -5.0438032949739879 -8.0149972219052508 -0.021767416000366212 3.3555378055572507 -0.19123141330221424 -2.744128231380297 1.9964322719648477 -1.6670612239837646
leaf_weight=24 23 30 22 20 24 31 23 21 30 23 23 20 20
leaf_count=24 23 30 22 20 24 31 23 21 30 23 23 20 20
internal_value=8.29156e-09 -2.46646 6.7897 -4.24079 5.00556 -3.44076 -4.12525 -2.9324 -0.0203085 0.862008 -4.06431 3.35893 -0.877664
internal_weight=334 245 89 142 67 118 98 75 103 73 54 43 43
internal_count=334 245 89 142 67 118 98 75 103 73 54 43 43
is_linear=0
shrinkage=0.03


Tree=82
num_leaves=13
num_cat=0
split_feature=11 11 12 0 12 12 1 11 16 14 12 2
split_gain=4.32017e+06 1.81582e+06 628474 909296 549189 296274 280028 245709 356321 174948 78295.4 77925.1
threshold=11126.000000000002 14325.000000000002 8100.0000000000009 14.000000000000002 10283.500000000002 14067.000000000002 4.5000000000000009 12545.000000000002 1181.2757097944361 1058.721499065952 12260.000000000002 13.500000000000002
decision_type=2 2 2 2 2 2 2 2 2 2 2 2
left_child=2 5 -1 4 -4 7 9 8 -2 -5 -9 -6
right_child=1 -3 3 6 11 -7 -8 10 -10 -11 -12 -13
leaf_value=-8.1207211467197968 2.964399238586426 10.367310489128375 -8.1294498952229812 0.68267998695373533 -4.3414937996864316 4.7987511042186188 2.7700064003985863 4.084248061802076 -2.1716770097517197 -3.1941214642199602 1.7219675785303115 -2.1579674818641261
leaf_weight=21 20 29 27 20 24 28 23 23 31 22 28 38
leaf_count=21 20 29 27 20 24 28 23 23 31 22 28 38
internal_value=-5.47149e-09 3.57947 -3.2522 -2.58832 -4.55836 2.06526 0.109124 1.31489 -0.157529 -1.34803 2.78731 -3.0032
internal_weight=334 159 175 154 89 130 65 102 51 42 51 62
internal_count=334 159 175 154 89 130 65 102 51 42 51 62
is_linear=0
shrinkage=0.03


Tree=83
num_leaves=13
num_cat=0
split_feature=10 10 10 13 12 12 5 0 10 10 11 10
split_gain=5.56344e+06 1.06292e+06 906958 369034 300298 464533 264135 304917 216543 143566 86103.3 28983.5
threshold=12063.500000000002 9721.5000000000018 14457.500000000002 8475.1458333333358 10891.500000000002 8531.5000000000018 1.0000000180025095e-35 14.000000000000002 10815.000000000002 13142.000000000002 11895.000000000002 9211.0000000000018
decision_type=2 2 2 2 2 2 2 2 2 2 2 2
left_child=1 3 9 -1 5 -3 7 11 -7 -2 -6 -5
right_child=2 4 -4 6 10 8 -8 -9 -10 -11 -12 -13
leaf_value=-8.1803145790100089 3.4381935865170248 -2.0738101759450189 11.709042746803977 -5.2213539426326747 -1.1233635719512638 0.75971831185477123 -6.4682268579109854 -0.3427147308417729 5.1214676041603084 6.2308882484436028 -3.3903008914947508 -3.6256072071620395
leaf_weight=20 37 29 22 20 38 21 23 28 20 30 25 21
leaf_count=20 37 29 22 20 38 21 23 28 20 30 25 21
internal_value=6.32809e-09 -2.33363 6.42403 -4.48693 -0.520319 0.832042 -3.68402 -2.75595 2.8874 4.68865 -2.02294 -4.40402
internal_weight=334 245 89 112 133 70 92 69 41 67 63 41
internal_count=334 245 89 112 133 70 92 69 41 67 63 41
is_linear=0
shrinkage=0.03


Tree=84
num_leaves=13
num_cat=0
split_feature=10 13 13 14 14 10 15 16 13 15 16 13
split_gain=5.25697e+06 1.06842e+06 776170 493328 416640 244883 318070 213632 207182 197636 66943.7 36800
threshold=11688.000000000002 13622.708333333334 8926.3125000000018 1065.9935280938357 1111.783549585849 9786.0000000000018 10991.720238095239 1070.7550786873187 11946.85416666667 9640.1458333333339 1145.7776368161433 9515.7500000000018
decision_type=2 2 2 2 2 2 2 2 2 2 2 2
left_child=2 4 3 7 8 10 9 -1 -2 11 -4 -7
right_child=1 -3 5 -5 -6 6 -8 -9 -10 -11 -12 -13
leaf_value=-1.5150366666581894 0.098290321826934812 11.374468314430931 -2.0766766178196874 -8.5738962078094474 6.6599137066304683 0.25884187970842637 -3.4318124318122862 -5.2550643930264878 3.9049420115832354 2.5297998373849051 -4.3007667902537747 -1.4446674590885638
leaf_weight=27 22 22 29 24 32 21 24 28 31 28 21 25
leaf_count=27 22 22 29 24 32 21 24 28 31 28 21 25
internal_value=-1.63328e-08 5.48197 -2.58401 -4.98508 3.95686 -1.30236 -0.430715 -3.41905 2.32482 0.542613 -3.01079 -0.666978
internal_weight=334 107 227 79 85 148 98 55 53 74 50 46
internal_count=334 107 227 79 85 148 98 55 53 74 50 46
is_linear=0
shrinkage=0.03


Tree=85
num_leaves=13
num_cat=0
split_feature=13 13 13 6 14 14 2 16 16 1 3 14
split_gain=4.07065e+06 1.11943e+06 731515 488779 464172 386536 303672 201006 132668 118937 85692.1 48373.3
threshold=11946.85416666667 8926.3125000000018 13622.708333333334 -0.9159756150367534 1065.9935280938357 1113.3453269621975 15.500000000000002 1070.7550786873187 1158.8416705534582 3.5000000000000004 3.5000000000000004 1086.0847571693159
decision_type=2 2 2 2 2 2 2 2 2 2 2 2
left_child=1 4 6 5 7 10 -2 -1 11 -10 -3 -5
right_child=2 3 -4 8 -6 -7 -8 -9 9 -11 -12 -13
leaf_value=-1.4695855755276148 6.0806544122695918 -1.4028124509319182 10.246878999471665 -4.2499869101388112 -8.3166792678833001 3.876460688471794 1.6951636907789442 -5.0974124391164102 -2.166967398503731 0.84024735260009764 1.1159128510057927 -2.2585019538713538
leaf_weight=27 30 31 24 21 24 30 27 28 29 20 20 23
leaf_count=27 30 31 24 21 24 30 27 28 29 20 20 23
internal_value=2.63938e-09 -1.87397 5.85326 -0.529353 -4.83553 1.17438 4.00332 -3.31648 -2.01325 -0.939533 -0.415077 -3.20898
internal_weight=334 253 81 174 79 81 57 55 93 49 51 44
internal_count=334 253 81 174 79 81 57 55 93 49 51 44
is_linear=0
shrinkage=0.03


Tree=86
num_leaves=14
num_cat=0
split_feature=10 10 12 6 12 12 15 1 12 11 10 13 1
split_gain=4.72328e+06 1.00775e+06 714498 864020 517504 277876 422269 188756 174230 136892 101036 117032 47933
threshold=11688.000000000002 14457.500000000002 8100.0000000000009 -0.9159756150367534 10283.500000000002 13892.000000000002 12537.937500000002 4.5000000000000009 8763.0000000000018 12795.000000000002 10030.000000000002 10644.125000000002 2.5000000000000004
decision_type=2 2 2 2 2 2 2 2 2 2 2 2 2
left_child=2 5 -1 7 -5 6 9 8 -4 -2 12 -12 -6
right_child=1 -3 3 4 10 -7 -8 -9 -10 -11 11 -13 -14
leaf_value=-7.5871035237745801 2.7813845958709713 10.919004715139215 -1.7704676776423174 -6.8289072464358416 -4.3641340645876801 6.7095334134783062 -0.52100271976512402 2.8834063950451938 1.5286572930335998 6.2493691662379671 -0.086480864153967954 -3.1142674198150635 -2.4254783535003663
leaf_weight=22 20 22 34 31 22 21 23 22 25 21 27 20 24
leaf_count=22 20 22 34 31 22 21 23 22 25 21 27 20 24
internal_value=-1.36198e-08 5.19626 -2.44934 -1.89797 -3.47209 3.71508 2.73252 0.511796 -0.372533 4.55767 -2.35315 -1.3749 -3.35266
internal_weight=334 107 227 205 124 85 64 81 59 41 93 47 46
internal_count=334 107 227 205 124 85 64 81 59 41 93 47 46
is_linear=0
shrinkage=0.03


Tree=87
num_leaves=12
num_cat=0
split_feature=10 10 12 10 0 10 1 10 12 14 14
split_gain=4.4605e+06 1.13406e+06 597954 639705 421573 196430 195390 184534 218385 40728.6 40221.5
threshold=11149.000000000002 13997.000000000002 8100.0000000000009 8869.0000000000018 14.000000000000002 10030.000000000002 4.5000000000000009 12747.500000000002 12260.000000000002 1033.766660400225 1058.721499065952
decision_type=2 2 2 2 2 2 2 2 2 2 2
left_child=2 7 -1 -4 5 9 10 8 -2 -5 -6
right_child=1 -3 3 4 6 -7 -8 -9 -10 -11 -12
leaf_value=-7.3594904955950646 3.7986247928325945 9.4587419445668495 -6.4021434211730961 -4.8098763525485984 0.23622199676253577 -1.0946551616375262 2.8020558105196267 4.4917211928238734 0.070393669989801219 -3.151810211420059 -1.539651770889759
leaf_weight=22 26 31 27 24 22 39 21 37 31 30 24
leaf_count=22 26 31 27 24 22 39 21 37 31 30 24
internal_value=-2.13613e-08 4.48289 -2.68115 -2.13076 -1.40997 -2.71702 0.404305 2.84192 1.77099 -3.88873 -0.690321
internal_weight=334 125 209 187 160 93 67 94 57 54 46
internal_count=334 125 209 187 160 93 67 94 57 54 46
is_linear=0
shrinkage=0.03


Tree=88
num_leaves=13
num_cat=0
split_feature=13 13 13 14 6 12 14 15 16 16 1 13
split_gain=3.42711e+06 980255 644365 411267 389766 510286 263649 219930 140998 109363 101364 49826.1
threshold=12123.750000000002 8926.3125000000018 13622.708333333334 1088.5237638100964 -0.9159756150367534 8531.5000000000018 1113.3453269621975 12290.372023809525 1072.5384344263894 1158.8416705534582 3.5000000000000004 9436.8541666666697
decision_type=2 2 2 2 2 2 2 2 2 2 2 2
left_child=1 3 7 8 5 -3 -7 -2 -1 11 -11 -6
right_child=2 4 -4 -5 9 6 -8 -9 -10 10 -12 -13
leaf_value=-1.8020710299091953 5.6020849715338814 -2.3678123171512899 9.5954196733236312 -8.1738791885375974 -3.9243661708831787 0.97163935460150241 5.1825586693183237 1.7729837324884203 -4.7389990529524431 -1.8981826645135877 0.81936305863516667 -1.9154073085784911
leaf_weight=31 27 26 24 20 20 32 23 27 28 30 21 25
leaf_count=31 27 26 24 20 20 32 23 27 28 30 21 25
internal_value=-1.60263e-08 -1.67741 5.50535 -4.45612 -0.437193 1.09541 2.73257 3.68753 -3.19587 -1.73033 -0.779193 -2.80828
internal_weight=334 256 78 79 177 81 55 54 59 96 51 45
internal_count=334 256 78 79 177 81 55 54 59 96 51 45
is_linear=0
shrinkage=0.03


Tree=89
num_leaves=14
num_cat=0
split_feature=10 10 12 6 12 12 15 15 14 11 3 2 10
split_gain=3.98363e+06 880698 612957 740676 454840 262785 400283 133879 146493 115960 78829.5 40402.8 20913.2
threshold=11688.000000000002 14457.500000000002 8100.0000000000009 -0.9159756150367534 10283.500000000002 13892.000000000002 12537.937500000002 9432.9494047619064 1058.721499065952 12795.000000000002 2.5000000000000004 15.500000000000002 10235.000000000002
decision_type=2 2 2 2 2 2 2 2 2 2 2 2 2
left_child=2 5 -1 7 -5 6 9 8 -4 -2 12 -12 -6
right_child=1 -3 3 4 10 -7 -8 -9 -10 -11 11 -13 -14
leaf_value=-7.0081061349131843 2.5740643094033002 10.121929901296442 0.92737482292311535 -6.3431726221884448 -1.9364582237175532 6.2994336933749056 -0.73576859640038528 2.0016715913638472 -2.3872870240892681 5.7659214782714843 -4.0226663331985471 -2.2572235991273608 -0.64010767340660102
leaf_weight=22 20 22 28 31 21 21 23 32 21 21 20 28 24
leaf_count=22 20 22 28 31 21 21 23 32 21 21 20 28 24
internal_value=8.408e-09 4.77209 -2.2494 -1.73871 -3.19615 3.38742 2.43192 0.492432 -0.493195 4.20892 -2.14714 -2.99282 -1.24507
internal_weight=334 107 227 205 124 85 64 81 49 41 93 48 45
internal_count=334 107 227 205 124 85 64 81 49 41 93 48 45
is_linear=0
shrinkage=0.03


Tree=90
num_leaves=12
num_cat=0
split_feature=10 10 13 10 5 0 13 10 11 3 10
split_gain=3.75452e+06 991510 514168 241692 197430 212800 188420 155765 205945 79094.6 25416.5
threshold=11149.000000000002 13997.000000000002 8475.1458333333358 9721.5000000000018 1.0000000180025095e-35 14.000000000000002 10262.97916666667 12747.500000000002 12329.000000000002 1.5000000000000002 9211.0000000000018
decision_type=2 2 2 2 2 2 2 2 2 2 2
left_child=2 7 -1 4 5 10 9 8 -2 -5 -4
right_child=1 -3 3 6 -6 -7 -8 -9 -10 -11 -12
leaf_value=-6.496664412689209 3.8690531685135578 8.7654794738369599 -4.3384624385833739 -1.1894727860797534 -5.4057483150648027 -0.18025623423712592 -3.4000577545166015 4.094234738607665 0.16489770535060339 0.80611877991602965 -2.8441318494932992
leaf_weight=25 22 31 20 33 23 28 20 37 35 39 21
leaf_count=25 22 31 20 33 23 28 20 37 35 39 21
internal_value=1.92734e-10 4.11286 -2.45984 -1.91136 -2.99865 -2.19628 -0.824077 2.57848 1.59457 -0.108527 -3.57307
internal_weight=334 125 209 184 92 69 92 94 57 72 41
internal_count=334 125 209 184 92 69 92 94 57 72 41
is_linear=0
shrinkage=0.03


Tree=91
num_leaves=12
num_cat=0
split_feature=10 10 3 10 13 15 15 11 6 16 8
split_gain=3.5399e+06 716485 698588 738914 341765 316621 407010 222610 369018 151605 57454.7
threshold=12063.500000000002 10347.500000000002 3.5000000000000004 14116.500000000002 8475.1458333333358 11138.848214285716 9880.6845238095248 10779.000000000002 1.0000000180025095e-35 1103.0958555005677 0.68301270189221941
decision_type=2 2 2 2 2 2 2 2 2 2 2
left_child=1 4 -2 -4 -1 6 10 8 -6 -10 -3
right_child=2 5 3 -5 7 -7 -8 -9 9 -11 -12
leaf_value=-6.5066196739673607 1.8228512772151402 -1.322056958940294 4.5725521072920632 11.839643291473388 0.59286272742531509 -2.6135757064819334 4.5052318694374778 -5.4637885823249821 -4.773780414462089 -1.8757473759217695 0.67382029945850364
leaf_weight=24 35 27 34 20 33 29 22 20 32 33 25
leaf_count=24 35 27 34 20 33 29 22 20 32 33 25
internal_value=-9.19232e-09 -1.86147 5.12426 7.26407 -3.24317 0.0434114 1.08466 -2.57942 -1.99078 -3.30247 -0.362501
internal_weight=334 245 89 54 142 103 74 118 98 65 52
internal_count=334 245 89 54 142 103 74 118 98 65 52
is_linear=0
shrinkage=0.03


Tree=92
num_leaves=13
num_cat=0
split_feature=10 10 12 10 0 1 15 14 10 12 14 0
split_gain=3.33371e+06 875956 495317 509223 328991 185638 175720 234936 151299 105367 39906.9 34126.5
threshold=11149.000000000002 13997.000000000002 8100.0000000000009 8869.0000000000018 14.000000000000002 4.5000000000000009 12401.877976190479 1113.3453269621975 10030.000000000002 13277.000000000002 1033.766660400225 17.500000000000004
decision_type=2 2 2 2 2 2 2 2 2 2 2 2
left_child=2 6 -1 -4 8 11 7 -2 10 -8 -5 -6
right_child=1 -3 3 4 5 -7 9 -9 -10 -11 -12 -13
leaf_value=-6.5758339873227198 2.0320192875581631 8.2486343073075812 -5.6279080544246565 -4.2686531937122343 0.17901810314344324 2.7659992068154469 -0.61347543740272525 6.129702261686325 -0.90466676038045146 2.4659780416488646 -2.6273986935615539 -1.455230615048305
leaf_weight=22 34 31 27 24 23 21 20 20 39 20 30 23
leaf_count=22 34 31 27 24 23 21 20 20 39 20 30 23
internal_value=1.76351e-08 3.87552 -2.3179 -1.81696 -1.17387 0.428852 2.43333 3.54968 -2.32851 0.926251 -3.35685 -0.638106
internal_weight=334 125 209 187 160 67 94 54 93 40 54 46
internal_count=334 125 209 187 160 67 94 54 93 40 54 46
is_linear=0
shrinkage=0.03


Tree=93
num_leaves=12
num_cat=0
split_feature=10 13 10 15 15 13 3 15 0 2 10
split_gain=3.1665e+06 663422 637957 297762 338519 259560 228312 192852 129739 36201.2 79928.5
threshold=12063.500000000002 13622.708333333334 9721.5000000000018 11138.848214285716 9880.6845238095248 8475.1458333333358 3.5000000000000004 8901.1279761904789 14.000000000000002 17.500000000000004 10615.500000000002
decision_type=2 2 2 2 2 2 2 2 2 2 2
left_child=2 6 5 4 9 -1 -2 8 -7 10 -4
right_child=1 -3 3 -5 -6 7 -8 -9 -10 -11 -12
leaf_value=-6.5262532939910889 1.475058127583996 9.3665619006482039 -1.2804951366134312 -2.877576529383659 3.2476154637336729 -2.9827162747085092 4.9873546731472018 -4.5493633412613583 -0.12966853380203247 -1.4322224032282829 1.3126533336639403
leaf_weight=20 31 22 23 32 28 32 36 34 26 30 20
leaf_count=20 31 22 23 32 28 32 36 34 26 30 20
internal_value=9.85083e-10 4.84647 -1.76055 -0.355746 0.44325 -3.42877 3.36226 -2.7554 -1.70376 -0.632397 -0.0743796
internal_weight=334 89 245 133 101 112 67 92 58 73 43
internal_count=334 89 245 133 101 112 67 92 58 73 43
is_linear=0
shrinkage=0.03


Tree=94
num_leaves=13
num_cat=0
split_feature=10 13 10 14 15 1 1 11 15 6 15 6
split_gain=2.98098e+06 735525 489162 277388 257641 251964 517722 254383 230820 148680 32815 33934.6
threshold=11735.500000000002 13622.708333333334 9721.5000000000018 1111.783549585849 10991.720238095239 4.5000000000000009 3.5000000000000004 10123.000000000002 9880.6845238095248 1.0000000180025095e-35 9341.9821428571449 1.0000000180025095e-35
decision_type=2 2 2 2 2 2 2 2 2 2 2 2
left_child=2 3 5 9 8 6 7 -1 10 -2 -4 -12
right_child=1 -3 4 -5 -6 -7 -8 -9 -10 -11 11 -13
leaf_value=-4.5360520814205039 0.15407493032258132 9.0855650646036317 -1.374924265384674 5.2051871376633647 -3.2616382118225093 -0.91864916817895292 -7.6751654170109669 -0.52715840558920579 3.024245524406433 3.3839538773246431 0.74124524543231174 -0.94474810804639542
leaf_weight=29 29 22 30 30 25 29 26 28 20 23 22 21
leaf_count=29 29 22 30 30 25 29 26 28 20 23 22 21
internal_value=-7.08564e-09 4.21478 -1.90581 2.90798 -0.557933 -3.3259 -4.16699 -2.56677 0.16887 1.58268 -0.613425 -0.0821469
internal_weight=334 104 230 82 118 112 83 57 93 52 73 43
internal_count=334 104 230 82 118 112 83 57 93 52 73 43
is_linear=0
shrinkage=0.03


Tree=95
num_leaves=12
num_cat=0
split_feature=10 3 10 10 12 0 12 15 15 1 8
split_gain=2.81448e+06 612216 650425 573159 308940 462677 291714 274499 335412 52901.9 44989.3
threshold=12063.500000000002 3.5000000000000004 14116.500000000002 10347.500000000002 8410.0000000000018 14.000000000000002 10283.500000000002 11138.848214285716 9880.6845238095248 2.5000000000000004 0.68301270189221941
decision_type=2 2 2 2 2 2 2 2 2 2 2
left_child=3 -2 -3 4 -1 6 -6 8 10 -8 -5
right_child=1 2 -4 7 5 -7 9 -9 -10 -11 -12
leaf_value=-6.254521786783422 1.4785576241356986 4.0470915067897124 10.865174311637878 -1.1493943746884665 -5.8503440780639648 0.7166997705806385 -3.14427218160459 -2.4300255242709454 4.1186059856414792 -1.3311323459148408 0.6167486563682556
leaf_weight=21 35 34 20 27 30 33 28 29 22 30 25
leaf_count=21 35 34 20 27 30 33 28 29 22 30 25
internal_value=-1.44202e-08 4.56915 6.57231 -1.65981 -2.89562 -2.31267 -3.44868 0.043919 1.01344 -2.20644 -0.300287
internal_weight=334 89 54 245 142 121 88 103 74 58 52
internal_count=334 89 54 245 142 121 88 103 74 58 52
is_linear=0
shrinkage=0.03


Tree=96
num_leaves=12
num_cat=0
split_feature=10 10 12 10 0 1 14 12 10 14 14
split_gain=2.64878e+06 733270 432204 419276 275949 170541 137982 142703 119079 40876.8 32308.5
threshold=11149.000000000002 13997.000000000002 8100.0000000000009 8869.0000000000018 14.000000000000002 4.5000000000000009 964.49004599407829 12302.500000000002 10030.000000000002 1029.3753505712414 1058.721499065952
decision_type=2 2 2 2 2 2 2 2 2 2 2
left_child=2 6 -1 -4 8 10 -2 -8 9 -5 -6
right_child=1 -3 3 4 5 -7 7 -9 -10 -11 -12
leaf_value=-6.0435311631722879 0.45621839475631715 7.4556484333161377 -5.0562054496341275 -3.9798681150783195 0.26096977472305299 2.6933139324188233 4.430035476207733 1.5912861964281868 -0.8089397910925058 -2.3000181005895137 -1.3306591940671204
leaf_weight=22 30 31 27 22 22 21 30 34 39 32 24
leaf_count=22 30 31 27 22 22 21 30 34 39 32 24
internal_value=-2.13345e-08 3.45453 -2.06611 -1.59818 -1.01463 0.453211 2.13501 2.92195 -2.07211 -2.9844 -0.569445
internal_weight=334 125 209 187 160 67 94 64 93 54 46
internal_count=334 125 209 187 160 67 94 64 93 54 46
is_linear=0
shrinkage=0.03


Tree=97
num_leaves=13
num_cat=0
split_feature=10 10 3 10 12 0 12 15 10 2 8 1
split_gain=2.5167e+06 627536 580798 460869 281899 412828 270358 222680 270991 63125.1 133758 50586.6
threshold=12527.500000000002 10347.500000000002 3.5000000000000004 14116.500000000002 8410.0000000000018 14.000000000000002 10283.500000000002 12423.086309523811 11345.000000000002 10.500000000000002 0.68301270189221941 2.5000000000000004
decision_type=2 2 2 2 2 2 2 2 2 2 2 2
left_child=1 4 -2 -4 -1 6 -6 8 9 -3 -11 -8
right_child=2 7 3 -5 5 -7 11 -9 -10 10 -12 -13
leaf_value=-5.941366787297385 1.270088389470027 -1.4303400981903076 4.352938810076032 10.315549667358399 -5.5611306991577143 0.68554660385305233 -2.9702241315160478 -2.6573076882362363 3.1913362617492673 -1.1693558698621664 2.1779447528294154 -1.1972051609754562
leaf_weight=21 26 25 28 20 30 33 28 20 30 22 21 30
leaf_count=21 26 25 28 20 30 33 28 20 30 22 21 30
internal_value=1.30791e-08 -1.38929 4.88129 6.83736 -2.73283 -2.17598 -3.24905 0.227512 0.816251 -0.231581 0.465372 -2.05315
internal_weight=334 260 74 48 142 121 88 118 98 68 43 58
internal_count=334 260 74 48 142 121 88 118 98 68 43 58
is_linear=0
shrinkage=0.03


Tree=98
num_leaves=12
num_cat=0
split_feature=10 10 3 11 13 11 6 16 16 11 16
split_gain=2.36796e+06 590449 546473 724417 267495 187736 259440 129604 128372 88703.1 81001.8
threshold=12527.500000000002 10347.500000000002 3.5000000000000004 14325.000000000002 8475.1458333333358 10779.000000000002 1.0000000180025095e-35 1103.0958555005677 1135.6587304356333 12149.000000000002 1211.9358213555868
decision_type=2 2 2 2 2 2 2 2 2 2 2
left_child=1 4 -2 -4 -1 6 -6 -8 -3 10 -10
right_child=2 8 3 -5 5 -7 7 -9 9 -11 -12
leaf_value=-5.5380049622058865 1.2319857039818396 1.915400281906128 3.3819438107808431 10.811190392630442 0.64328476840799509 -4.7124469320774072 -3.98324911147356 -1.3037431962110779 -0.62517008073627944 -1.6170498275756835 1.680419873893261
leaf_weight=24 26 30 27 21 33 20 32 33 32 32 24
leaf_count=24 26 30 27 21 33 20 32 33 32 32 24
internal_value=1.15372e-09 -1.34761 4.73485 6.63224 -2.65085 -2.06363 -1.52305 -2.62288 0.220687 -0.357056 0.36294
internal_weight=334 260 74 48 142 118 98 65 118 88 56
internal_count=334 260 74 48 142 118 98 65 118 88 56
is_linear=0
shrinkage=0.03


Tree=99
num_leaves=13
num_cat=0
split_feature=10 13 12 6 9 14 1 12 10 2 13 12
split_gain=2.23859e+06 541133 465246 475430 347822 239664 119438 146533 71494.5 91150 78223.7 65508.9
threshold=11990.500000000002 13622.708333333334 8100.0000000000009 -0.9159756150367534 0.93301270189221952 1111.783549585849 4.5000000000000009 8763.0000000000018 10030.000000000002 18.500000000000004 10957.312500000002 12472.500000000002
decision_type=2 2 2 2 2 2 2 2 2 2 2 2
left_child=2 5 -1 6 8 11 7 -4 9 -5 -10 -2
right_child=1 -3 3 4 -6 -7 -8 -9 10 -11 -12 -13
leaf_value=-5.6739629953557786 0.10401113765580314 8.0874436777288263 -1.3492693828835207 -1.0536535017013549 -5.0538129043579101 4.9087596829732254 2.505547380240067 1.5813923958609146 0.30358223408460616 -3.7346660668509348 -1.8890182511011759 2.4465380651300599
leaf_weight=22 21 22 34 25 30 27 23 28 32 21 27 22
leaf_count=22 21 22 34 25 30 27 23 28 32 21 27 22
internal_value=6.65132e-09 3.98335 -1.51433 -1.09837 -2.20498 2.69349 0.659193 -0.0257447 -1.39103 -2.27759 -0.699811 1.30251
internal_weight=334 92 242 220 135 70 85 62 105 46 59 43
internal_count=334 92 242 220 135 70 85 62 105 46 59 43
is_linear=0
shrinkage=0.03


Tree=100
num_leaves=12
num_cat=0
split_feature=10 13 13 14 10 15 15 13 0 15 11
split_gain=2.10922e+06 525317 366397 258517 177484 246587 152507 118578 115380 263243 78192.3
threshold=11665.500000000002 13674.16666666667 8475.1458333333358 1111.783549585849 9721.5000000000018 10991.720238095239 8901.1279761904789 11946.85416666667 14.000000000000002 9556.961309523811 10123.000000000002
decision_type=2 2 2 2 2 2 2 2 2 2 2
left_child=2 3 -1 7 6 8 10 -2 -6 -10 -4
right_child=1 -3 4 -5 5 -7 -8 -9 9 -11 -12
leaf_value=-5.0938142100334165 -0.48013980513033661 7.6699810736519947 -2.2645001327991485 4.5528789478540421 -0.96270137458234217 -3.3242576452663966 -3.8021151945170231 2.3089175431167379 -0.56937204252029283 3.9045054033100604 -0.049592146231577948
leaf_weight=25 23 21 32 32 37 21 34 34 29 20 26
leaf_count=25 23 21 32 32 37 21 34 34 29 20 26
internal_value=-1.39732e-08 3.40202 -1.67063 2.39497 -1.24058 -0.409823 -2.2068 1.18351 0.301841 1.2567 -1.27161
internal_weight=334 110 224 89 199 107 92 57 86 49 58
internal_count=334 110 224 89 199 107 92 57 86 49 58
is_linear=0
shrinkage=0.03


Tree=101
num_leaves=13
num_cat=0
split_feature=10 3 10 2 12 0 12 15 10 2 9 1
split_gain=1.99289e+06 587124 538367 356392 247271 341800 244713 172430 244919 54780.8 115971 45888.1
threshold=12747.500000000002 3.5000000000000004 10347.500000000002 14.500000000000002 8410.0000000000018 14.000000000000002 10283.500000000002 12423.086309523811 11345.000000000002 10.500000000000002 0.6830127018922193 2.5000000000000004
decision_type=2 2 2 2 2 2 2 2 2 2 2 2
left_child=2 -2 4 -3 -1 6 -6 8 9 -4 -11 -8
right_child=1 3 7 -5 5 -7 11 -9 -10 10 -12 -13
leaf_value=-5.4378901617867603 0.80884074330329891 3.9420970136469062 -1.3393915307477116 9.3420355978879055 -5.0874393348693845 0.69240849841724739 -2.623425872325897 -2.0716823237875235 2.9271223219958218 2.0212317657470704 -1.0955724776874889 -0.93475333380699155
leaf_weight=21 24 22 25 22 30 33 28 23 33 21 22 30
leaf_count=21 24 22 25 22 30 33 28 23 33 21 22 30
internal_value=1.59865e-08 4.58328 -1.17167 6.64207 -2.43287 -1.91134 -2.88775 0.27262 0.806471 -0.222669 0.426588 -1.74997
internal_weight=334 68 266 44 142 121 88 124 101 68 43 58
internal_count=334 68 266 44 142 121 88 124 101 68 43 58
is_linear=0
shrinkage=0.03


Tree=102
num_leaves=13
num_cat=0
split_feature=13 13 12 14 12 1 14 14 13 2 11 14
split_gain=1.56421e+06 472672 443655 302111 264171 230099 151416 99848.5 87370.5 85895.7 232504 33917.8
threshold=11946.85416666667 8926.3125000000018 11917.000000000002 1075.160631066565 13472.500000000002 4.5000000000000009 1004.6714886126217 1106.373425572752 9836.8125000000018 4.5000000000000009 10887.000000000002 1075.160631066565
decision_type=2 2 2 2 2 2 2 2 2 2 2 2
left_child=1 3 -2 6 -4 7 -1 9 -9 -3 -11 -7
right_child=2 5 4 -5 -6 11 -8 8 -10 10 -12 -13
leaf_value=-3.2980267591630259 6.8575898744509773 0.010909543991088868 -0.35056521581566852 -5.9809031389070597 3.8645152484625576 0.83525634455680853 -0.16004538030624391 -1.1496933607901296 1.0850009175203741 -0.54454839038951641 -4.6344346514615138 2.5824261860847471
leaf_weight=31 26 20 23 23 32 20 25 31 32 29 22 20
leaf_count=31 26 20 23 23 32 20 25 31 32 29 22 20
internal_value=-1.49235e-09 -1.16166 3.62838 -3.08609 2.10185 -0.28792 -1.89714 -0.883968 -0.0146106 -1.65537 -2.30881 1.70884
internal_weight=334 253 81 79 55 174 56 134 63 71 51 40
internal_count=334 253 81 79 55 174 56 134 63 71 51 40
is_linear=0
shrinkage=0.03


Tree=103
num_leaves=13
num_cat=0
split_feature=10 8 11 10 12 0 12 15 10 2 8 1
split_gain=1.79241e+06 551300 742149 483545 227000 320245 223654 165219 224152 51395.4 105970 41573
threshold=12747.500000000002 0.93301270189221952 14325.000000000002 10347.500000000002 8410.0000000000018 14.000000000000002 10283.500000000002 12423.086309523811 11345.000000000002 10.500000000000002 0.68301270189221941 2.5000000000000004
decision_type=2 2 2 2 2 2 2 2 2 2 2 2
left_child=3 2 -2 4 -1 6 -6 8 9 -5 -11 -8
right_child=1 -3 -4 7 5 -7 11 -9 -10 10 -12 -13
leaf_value=-5.1856469821929929 2.7849049413204194 0.68916411936283117 10.609689670085908 -1.2860353903770447 -4.8547743434906003 0.7135703039169311 -2.495514552252633 -2.0371532970926034 2.808926240747625 -1.0305387947234239 1.9488375159672329 -0.88819792950153353
leaf_weight=21 24 24 20 25 30 33 28 23 33 22 21 30
leaf_count=21 24 24 20 25 30 33 28 23 33 22 21 30
internal_value=-5.0539e-09 4.34664 6.34163 -1.11117 -2.30644 -1.80674 -2.75186 0.257604 0.780172 -0.20437 0.424505 -1.66414
internal_weight=334 68 44 266 142 121 88 124 101 68 43 58
internal_count=334 68 44 266 142 121 88 124 101 68 43 58
is_linear=0
shrinkage=0.03


Tree=104
num_leaves=13
num_cat=0
split_feature=10 9 10 13 11 0 16 12 15 15 13 2
split_gain=1.68871e+06 596673 515412 214443 161961 200360 108937 104543 278357 365876 72164.8 30373.4
threshold=12985.000000000002 1.0000000180025095e-35 10347.500000000002 8475.1458333333358 10779.000000000002 14.000000000000002 1103.0958555005677 14067.000000000002 10991.720238095239 9880.6845238095248 11746.625000000002 16.500000000000004
decision_type=2 2 2 2 2 2 2 2 2 2 2 2
left_child=2 -2 3 -1 5 6 -5 8 9 11 -10 -4
right_child=1 -3 7 4 -6 -7 -8 -9 10 -11 -12 -13
leaf_value=-4.8222914102673524 7.032032484610875 0.76097467010671438 0.37051550682513945 -3.423096636235714 -4.1717461366653446 0.69438611008904194 -0.96650444117459378 2.2473407794670623 -3.2955036621093745 4.5483713207244865 -0.7470080337524414 -1.1071603425911494
leaf_weight=24 36 22 31 32 20 33 33 22 20 20 20 21
leaf_count=24 36 22 31 32 20 33 33 22 20 20 20 21
internal_value=4.44893e-09 4.65336 -0.977879 -2.23725 -1.71147 -1.20938 -2.1759 0.356674 -0.0147071 1.10004 -2.02126 -0.226238
internal_weight=334 58 276 142 118 98 65 134 112 72 40 52
internal_count=334 58 276 142 118 98 65 134 112 72 40 52
is_linear=0
shrinkage=0.03


Tree=105
num_leaves=13
num_cat=0
split_feature=10 3 11 12 6 3 1 14 11 1 3 16
split_gain=1.5997e+06 415141 591301 412211 390766 310765 247121 121490 100783 68411.4 132832 66880.2
threshold=12527.500000000002 3.5000000000000004 14325.000000000002 8100.0000000000009 -0.9159756150367534 11.500000000000002 4.5000000000000009 920.6984977274227 10515.500000000002 1.5000000000000002 2.5000000000000004 1160.3283702018459
decision_type=2 2 2 2 2 2 2 2 2 2 2 2
left_child=3 -2 -3 -1 6 7 8 -6 -5 -9 -11 -10
right_child=1 2 -4 4 5 -7 -8 9 11 10 -12 -13
leaf_value=-5.0365407683632588 0.83861816497949448 2.6089225408766006 9.3209644099644251 -1.9324821982383729 1.0695887913022721 -4.4187814879417422 3.3491635004997251 -0.31166204631328581 1.8095308340679515 -0.93400549346208572 -3.7215929969787598 -0.50413688386264055
leaf_weight=22 26 27 21 20 21 30 25 32 22 40 25 23
leaf_count=22 26 27 21 20 21 30 25 32 22 40 25 23
internal_value=2.67686e-12 3.89169 5.54544 -1.10764 -0.744459 -1.6924 0.814377 -0.999253 -0.16054 -1.44715 -2.00615 0.62699
internal_weight=334 74 48 260 238 148 90 118 65 97 65 45
internal_count=334 74 48 260 238 148 90 118 65 97 65 45
is_linear=0
shrinkage=0.03


Tree=106
num_leaves=13
num_cat=0
split_feature=10 13 12 10 14 6 0 0 11 10 13 15
split_gain=1.52183e+06 456848 301020 275964 253900 461001 178269 131884 69865.3 60835.2 58177.2 50985.6
threshold=11149.000000000002 13622.708333333334 8100.0000000000009 8869.0000000000018 1111.783549585849 -0.9159756150367534 14.000000000000002 17.500000000000004 10836.000000000002 10030.000000000002 8985.7083333333358 8901.1279761904789
decision_type=2 2 2 2 2 2 2 2 2 2 2 2
left_child=2 4 -1 -4 7 -6 9 -2 10 11 -8 -5
right_child=1 -3 3 6 5 -7 8 -9 -10 -11 -12 -13
leaf_value=-4.8854444451765575 2.0632524776458738 6.3390346428751947 -3.9810292794969349 -1.2475420835213018 6.6601742935180663 0.37412988662719726 0.15437971343994139 -0.7936802491274747 -0.95613921889236997 -0.64923403483170727 2.2962692090443202 -3.0924560931750706
leaf_weight=22 26 24 27 26 21 21 25 33 21 39 21 28
leaf_count=22 26 24 27 26 21 21 25 33 21 39 21 28
internal_value=-7.30648e-09 2.61848 -1.56608 -1.17556 1.73439 3.51715 -0.702142 0.465307 0.477645 -1.5521 1.1322 -2.20416
internal_weight=334 125 209 187 101 42 160 59 67 93 46 54
internal_count=334 125 209 187 101 42 160 59 67 93 46 54
is_linear=0
shrinkage=0.03


Tree=107
num_leaves=14
num_cat=0
split_feature=10 10 12 6 2 12 12 1 11 11 2 12 1
split_gain=1.4402e+06 363917 315081 389153 246493 210702 138649 115755 111018 64594.2 51640.2 48929.8 14798.3
threshold=11735.500000000002 13997.000000000002 8100.0000000000009 -0.9159756150367534 7.5000000000000009 10283.500000000002 13084.000000000002 4.5000000000000009 10515.500000000002 11595.000000000002 12.500000000000002 8818.0000000000018 2.5000000000000004
decision_type=2 2 2 2 2 2 2 2 2 2 2 2 2
left_child=2 4 -1 7 -2 -5 -6 8 -4 10 -7 -10 -12
right_child=1 -3 3 5 6 9 -8 -9 11 -11 12 -13 -14
leaf_value=-4.7388811521198253 4.4273520937832913 5.6528271675109858 -1.8763714034557342 -4.1657367038726809 -0.68052756786346436 -1.874667208276946 2.4977694290024894 2.494426697560332 -0.16145743949072699 -2.7798694181442261 -0.79422884426333684 1.911904197692871 0.30612288171594793
leaf_weight=22 22 31 20 31 30 29 21 22 21 21 22 20 22
leaf_count=22 22 31 20 31 30 29 21 22 21 21 22 20 22
internal_value=-1.47689e-08 2.92958 -1.32468 -0.963564 1.77314 -2.02095 0.628183 0.628885 -0.0439336 -1.31363 -0.891831 0.849938 -0.244053
internal_weight=334 104 230 208 73 125 51 83 61 94 73 41 44
internal_count=334 104 230 208 73 125 51 83 61 94 73 41 44
is_linear=0
shrinkage=0.03


Tree=108
num_leaves=13
num_cat=0
split_feature=10 9 10 12 6 12 15 7 15 16 12 2
split_gain=1.36974e+06 510682 416657 190350 277000 188021 95572.6 320750 319603 88952.4 38776.8 28017.2
threshold=12985.000000000002 1.0000000180025095e-35 10347.500000000002 8486.0000000000018 1.0000000180025095e-35 10283.500000000002 10991.720238095239 -0.83651630373780772 9880.6845238095248 1306.2868312471742 10726.000000000002 16.500000000000004
decision_type=2 2 2 2 2 2 2 2 2 2 2 2
left_child=2 -2 3 -1 -5 -6 8 9 11 -8 -7 -4
right_child=1 -3 6 4 5 10 7 -9 -10 -11 -12 -13
leaf_value=-4.5114095001635341 6.3915070668856302 0.58990262389183046 0.39624797401889672 0.90852542569560391 -4.3173166790008537 -0.58895109705626958 -0.35863578200340268 -3.4537389070337468 4.2855845289230343 2.4708012599945071 -2.1412731208801272 -1.0229567247309854
leaf_weight=23 36 22 31 31 30 28 20 22 20 20 30 21
leaf_count=23 36 22 31 31 30 28 20 22 20 20 30 21
internal_value=-8.17043e-09 4.1909 -0.880696 -2.013 -1.53012 -2.38919 0.319211 -0.544177 1.06268 1.05608 -1.39188 -0.176892
internal_weight=334 58 276 142 119 88 134 62 72 40 58 52
internal_count=334 58 276 142 119 88 134 62 72 40 58 52
is_linear=0
shrinkage=0.03


Tree=109
num_leaves=13
num_cat=0
split_feature=10 14 3 12 6 3 1 11 1 2 12 12
split_gain=1.29374e+06 358292 458623 304042 313665 235484 94691.4 105392 53251.7 133404 90890.9 46741.4
threshold=11990.500000000002 945.89184629235069 3.5000000000000004 8100.0000000000009 -0.9159756150367534 11.500000000000002 4.5000000000000009 10515.500000000002 3.5000000000000004 17.500000000000004 11642.500000000002 8818.0000000000018
decision_type=2 2 2 2 2 2 2 2 2 2 2 2
left_child=3 -2 -3 -1 6 8 7 -5 10 -10 -6 -9
right_child=1 2 -4 4 5 -7 -8 11 9 -11 -12 -13
leaf_value=-4.5138615950671115 -0.12313027381896972 1.2833265110542034 6.2649683174720172 -1.789658309340477 -0.49982374191284179 -4.057863780841231 2.2566142105019611 -0.14451016017368862 1.2639811281859874 -2.0101528957911898 -2.8363853388819198 1.8570899166379655
leaf_weight=22 24 29 39 20 31 30 23 21 24 21 29 21
leaf_count=22 24 29 39 20 31 30 23 21 24 21 29 21
internal_value=-2.71835e-09 3.02821 4.14044 -1.15122 -0.814955 -1.7138 0.612625 0.0027582 -1.04407 -0.263948 -1.62916 0.85629
internal_weight=334 92 68 242 220 135 85 62 105 45 60 42
internal_count=334 92 68 242 220 135 85 62 105 45 60 42
is_linear=0
shrinkage=0.03


Tree=110
num_leaves=12
num_cat=0
split_feature=10 10 12 6 16 2 12 1 2 5 12
split_gain=1.22117e+06 309167 269679 335041 215462 187885 226542 101586 103040 78945 163274
threshold=11735.500000000002 14457.500000000002 8100.0000000000009 -0.9159756150367534 1096.3218380864141 7.5000000000000009 13472.500000000002 4.5000000000000009 18.500000000000004 1.0000000180025095e-35 11642.500000000002
decision_type=2 2 2 2 2 2 2 2 2 2 2
left_child=2 5 -1 7 -5 -2 -7 8 -4 10 -6
right_child=1 -3 3 4 9 6 -8 -9 -10 -11 -12
leaf_value=-4.3784457788531759 4.2219048552079634 5.8555247705632985 -1.1741636602445082 -3.8641129515511645 -0.46372808123889725 -0.37184510212678173 3.4929760062694548 2.3395183077725497 1.3001401026121209 0.23203209757804868 -3.6243911385536189
leaf_weight=22 22 22 33 35 38 39 21 22 28 28 24
leaf_count=22 22 22 33 35 38 39 21 22 28 28 24
internal_value=-7.02842e-09 2.69763 -1.2198 -0.885712 -1.86683 1.8504 0.980842 0.591879 -0.0384177 -1.09011 -1.68721
internal_weight=334 104 230 208 125 82 60 83 61 90 62
internal_count=334 104 230 208 125 82 60 83 61 90 62
is_linear=0
shrinkage=0.03


Tree=111
num_leaves=13
num_cat=0
split_feature=10 3 10 13 11 0 15 7 15 16 16 1
split_gain=1.16646e+06 447254 360596 176904 141252 142759 95727.5 304753 291587 83403.7 79998.9 17871.6
threshold=12985.000000000002 3.5000000000000004 10347.500000000002 8475.1458333333358 10779.000000000002 14.000000000000002 10991.720238095239 -0.83651630373780772 9880.6845238095248 1096.3218380864141 1306.2868312471742 2.5000000000000004
decision_type=2 2 2 2 2 2 2 2 2 2 2 2
left_child=2 -2 3 -1 5 9 8 10 11 -5 -8 -4
right_child=1 -3 6 4 -6 -7 7 -9 -10 -11 -12 -13
leaf_value=-4.2140134820342059 0.49748433676632964 5.9268614220619193 -0.65128673110689439 -2.9708332785538261 -3.6861704885959625 0.68731336203488425 -0.34233148384094236 -3.3966169322620736 4.1260248069763179 -0.80067876519383607 2.3409318637847898 0.46434430599212645
leaf_weight=24 22 36 28 28 20 33 20 22 20 37 20 24
leaf_count=24 22 36 28 28 20 33 20 22 20 37 20 24
internal_value=-1.73674e-08 3.86744 -0.812723 -1.8661 -1.38856 -0.919664 0.303546 -0.560541 1.04762 -1.73551 0.9993 -0.13638
internal_weight=334 58 276 142 118 98 134 62 72 65 40 52
internal_count=334 58 276 142 118 98 134 62 72 65 40 52
is_linear=0
shrinkage=0.03


Tree=112
num_leaves=13
num_cat=0
split_feature=10 12 10 12 10 12 12 0 1 10 12 10
split_gain=1.09932e+06 417158 342488 223270 221138 177844 167054 145857 122317 54352.1 42435.5 26927.8
threshold=11149.000000000002 10759.500000000002 12063.500000000002 8100.0000000000009 8798.0000000000018 13612.000000000002 11917.000000000002 14.000000000000002 4.5000000000000009 10030.000000000002 10612.500000000002 10506.500000000002
decision_type=2 2 2 2 2 2 2 2 2 2 2 2
left_child=3 -2 -3 -1 -5 6 -4 9 11 10 -6 -9
right_child=1 2 5 4 7 -7 -8 8 -10 -11 -12 -13
leaf_value=-4.1897706153176051 5.8751606642681624 -1.7313672620058058 3.4620806612287249 -3.8952412256172724 -1.3714197644591331 4.4525633723258968 0.018556632846593858 0.18043337557050915 2.2727754267779261 -0.51178631562453047 -3.0786542930603025 -1.2719252543449402
leaf_weight=22 23 24 21 21 38 25 32 27 22 39 20 20
leaf_count=22 23 24 21 21 38 25 32 27 22 39 20 20
internal_value=1.31219e-08 2.2255 1.40254 -1.33104 -0.994719 2.36682 1.38297 -0.627786 0.426583 -1.3778 -1.96012 -0.437592
internal_weight=334 125 102 209 187 78 53 166 69 97 58 47
internal_count=334 125 102 209 187 78 53 166 69 97 58 47
is_linear=0
shrinkage=0.03


Tree=113
num_leaves=14
num_cat=0
split_feature=10 13 10 13 15 10 14 14 5 0 14 16 10
split_gain=1.04858e+06 411787 344374 161006 135885 191851 119385 78591.7 195651 56338 31740.4 28722.5 50268.5
threshold=13142.000000000002 13348.104166666668 10347.500000000002 8475.1458333333358 12423.086309523811 11345.000000000002 1075.160631066565 961.60812557457189 1.0000000180025095e-35 14.000000000000002 1091.0314258228027 1205.9387962278968 10740.500000000002
decision_type=2 2 2 2 2 2 2 2 2 2 2 2 2
left_child=2 -2 3 -1 5 11 -7 -5 9 10 -9 12 -4
right_child=1 -3 4 7 -6 6 -8 8 -10 -11 -12 -13 -14
leaf_value=-4.0026929286122321 1.7171825279728057 7.1580564662388388 0.33120865160392388 0.40663341951370241 -1.3830271038785575 0.85241478252410885 4.1303151969909662 -2.0538848403961425 -4.0775118785837421 0.40384772981916156 -0.58299722547116484 0.82817150938510897 -1.6258258444922309
leaf_weight=24 31 21 27 20 32 20 20 31 23 21 23 20 21
leaf_count=24 31 21 27 20 32 20 20 31 23 21 23 20 21
internal_value=-4.62494e-09 3.91446 -0.721815 -1.76277 0.33401 0.842762 2.49136 -1.30719 -1.65695 -0.914648 -1.4274 -0.127004 -0.524994
internal_weight=334 52 282 142 140 108 40 118 98 75 54 68 48
internal_count=334 52 282 142 140 108 40 118 98 75 54 68 48
is_linear=0
shrinkage=0.03


Tree=114
num_leaves=11
num_cat=0
split_feature=10 11 12 10 12 15 10 0 12 12
split_gain=987831 319524 262129 250264 216124 158764 207140 130293 52321.7 43225.5
threshold=12527.500000000002 14534.000000000002 8100.0000000000009 8869.0000000000018 13472.500000000002 12423.086309523811 11345.000000000002 14.000000000000002 8531.5000000000018 11642.500000000002
decision_type=2 2 2 2 2 2 2 2 2 2
left_child=2 4 -1 -4 -2 6 7 9 -9 -5
right_child=1 -3 3 5 -6 -7 -8 8 -10 -11
leaf_value=-4.0034616981853137 0.2653621530532837 6.1898996135166708 -3.3003039805094403 -0.78664208345553444 4.1821097260287825 -2.5855168707474419 2.3403362674713137 -0.41746883843626292 1.2567312780874116 -2.3732270565032958
leaf_weight=22 32 21 27 68 21 23 30 28 42 20
leaf_count=22 32 21 27 68 21 23 30 28 42 20
internal_value=1.07476e-08 3.05816 -0.870399 -0.580788 1.81728 -0.232793 0.0550397 -0.378877 0.587051 -1.14723
internal_weight=334 74 260 238 53 211 188 158 70 88
internal_count=334 74 260 238 53 211 188 158 70 88
is_linear=0
shrinkage=0.03


Tree=115
num_leaves=12
num_cat=0
split_feature=11 15 12 12 15 12 3 2 2 0 16
split_gain=776033 355439 169780 161480 230472 136222 231210 103901 120173 112297 25214.8
threshold=14262.000000000002 9544.9196428571431 8100.0000000000009 14067.000000000002 12359.73511904762 8671.0000000000018 11.500000000000002 11.500000000000002 5.5000000000000009 14.000000000000002 1108.8573642662125
decision_type=2 2 2 2 2 2 2 2 2 2 2
left_child=1 2 -1 4 7 -4 10 8 -3 -9 -7
right_child=-2 3 5 -5 -6 6 -8 9 -10 -11 -12
leaf_value=-4.1080373468399047 4.4423896783590315 1.3746870183944702 0.45705998631886069 2.5834957791119812 -2.3945128271314831 -1.2597099919422812 -3.6109318852424619 0.17599331617355346 -1.6765653075621676 2.8911932797267519 0.051285830774614884
leaf_weight=20 32 21 35 28 27 23 36 26 26 29 31
leaf_count=20 32 21 35 28 27 23 36 26 26 29 31
internal_value=4.69253e-09 -0.470717 -1.54166 0.518371 0.0701265 -1.13104 -1.74863 0.722531 -0.31324 1.60764 -0.507101
internal_weight=334 302 145 157 129 125 90 102 47 55 54
internal_count=334 302 145 157 129 125 90 102 47 55 54
is_linear=0
shrinkage=0.03


Tree=116
num_leaves=12
num_cat=0
split_feature=10 13 14 13 14 10 15 15 1 13 2
split_gain=902670 380740 323067 447359 167966 133880 272596 192796 138572 133383 57610.2
threshold=13142.000000000002 13348.104166666668 831.59086800980356 8475.1458333333358 1229.0842135188659 9721.5000000000018 10991.720238095239 9880.6845238095248 3.5000000000000004 11818.270833333334 11.500000000000002
decision_type=2 2 2 2 2 2 2 2 2 2 2
left_child=2 -2 -1 -4 5 8 7 -7 10 -8 -5
right_child=1 -3 3 4 -6 6 9 -9 -10 -11 -12
leaf_value=3.0054663934707642 1.5190915064657888 6.7508407265799386 -4.9463379876509954 -2.0013774584640154 2.0660187320709227 -0.058965862967512182 -3.7287724038828975 3.171949247880415 -3.3360612718520626 -0.42185083900179177 -0.0071183938707690686
leaf_weight=20 31 21 23 22 20 68 23 22 31 21 32
leaf_count=20 31 21 23 22 20 68 23 22 31 21 32
internal_value=1.49469e-09 3.63191 -0.669715 -0.950263 -0.565703 -0.806043 -0.215279 0.730813 -1.73736 -2.15047 -0.819594
internal_weight=334 52 282 262 239 219 134 90 85 44 54
internal_count=334 52 282 262 239 219 134 90 85 44 54
is_linear=0
shrinkage=0.03


Tree=117
num_leaves=13
num_cat=0
split_feature=10 3 14 13 10 5 15 12 15 11 12 1
split_gain=849399 390616 312025 410261 144006 138810 138506 186583 181402 66574.3 28812.1 28235.9
threshold=12985.000000000002 3.5000000000000004 831.59086800980356 8475.1458333333358 9721.5000000000018 1.0000000180025095e-35 10991.720238095239 13742.500000000002 9880.6845238095248 10258.000000000002 10891.500000000002 2.5000000000000004
decision_type=2 2 2 2 2 2 2 2 2 2 2 2
left_child=2 -2 -1 -4 5 9 8 -8 10 11 -6 -5
right_child=1 -3 3 4 6 -7 7 -9 -10 -11 -12 -13
leaf_value=2.9153023767471313 0.15087247024882924 5.2248395236333209 -4.79794780689737 -2.2924326467886567 0.36986108478644619 -3.7474469840526581 -2.5654525136947632 1.0862827084064484 3.0767907532778649 0.36704357415437694 -0.95013625925237477 -0.7861270166720663
leaf_weight=20 22 36 23 24 46 20 34 20 22 24 22 21
leaf_count=20 22 36 23 24 46 20 34 20 22 24 22 21
internal_value=-6.37895e-09 3.30023 -0.693527 -0.975467 -0.59814 -1.54682 -0.0118036 -1.21296 0.708889 -0.908957 -0.0571969 -1.58949
internal_weight=334 58 276 256 233 89 144 54 90 69 68 45
internal_count=334 58 276 256 233 89 144 54 90 69 68 45
is_linear=0
shrinkage=0.03


Tree=118
num_leaves=10
num_cat=0
split_feature=13 13 1 13 12 15 13 12 16
split_gain=695922 330215 288375 183441 114966 234670 233288 155089 88299.3
threshold=13622.708333333334 9097.9791666666679 4.5000000000000009 8771.7083333333339 14067.000000000002 12359.73511904762 11946.85416666667 11592.000000000002 1138.4220989383873
decision_type=2 2 2 2 2 2 2 2 2
left_child=1 2 3 -1 5 6 7 8 -3
right_child=-2 4 -4 -5 -6 -7 -8 -9 -10
leaf_value=-4.8293973674092969 4.9215688616037365 1.9325562433600425 0.26440021734971264 -1.5917563170877596 2.1750528651017409 -2.2892383432388304 3.2513810729980466 -1.9910562324523924 -0.02132306561750524
leaf_weight=28 24 30 39 36 26 32 24 27 68
leaf_count=28 24 30 39 36 26 32 24 27 68
internal_value=3.82054e-09 -0.381025 -1.76908 -3.00822 0.309648 0.0416891 0.542291 0.0221456 0.576803
internal_weight=334 310 103 64 207 181 149 125 98
internal_count=334 310 103 64 207 181 149 125 98
is_linear=0
shrinkage=0.03


Tree=119
num_leaves=12
num_cat=0
split_feature=10 3 10 12 6 12 1 2 5 2 10
split_gain=769727 252986 245389 212489 222871 185391 184647 91034.2 77557.8 70182.1 69869
threshold=12527.500000000002 3.5000000000000004 14116.500000000002 8100.0000000000009 -0.9159756150367534 10283.500000000002 4.5000000000000009 18.500000000000004 1.0000000180025095e-35 12.500000000000002 10030.000000000002
decision_type=2 2 2 2 2 2 2 2 2 2 2
left_child=3 -2 -3 -1 6 -6 7 -5 9 -7 -11
right_child=1 2 -4 4 5 8 -8 -9 -10 10 -12
leaf_value=-3.5891781338778408 0.31617599844932553 2.177644941636494 6.5285063838958735 -1.1497112554472844 -3.2862207223811457 -2.143631607873099 2.8607562137603759 1.1175436820089817 0.76809404831666206 -1.6111408022403717 0.52046356201171873
leaf_weight=22 26 28 20 37 31 35 25 28 26 25 31
leaf_count=22 26 28 20 37 31 35 25 28 26 25 31
internal_value=5.98813e-09 2.69952 3.9905 -0.768326 -0.507575 -1.22347 0.669676 -0.173048 -0.67693 -1.08979 -0.431146
internal_weight=334 74 48 260 238 148 90 65 117 91 56
internal_count=334 74 48 260 238 148 90 65 117 91 56
is_linear=0
shrinkage=0.03


Tree=120
num_leaves=13
num_cat=0
split_feature=10 13 14 13 0 13 15 10 15 11 14 15
split_gain=725067 270150 160280 156572 141941 120614 149540 75467.8 142656 30819.9 27190.5 19496.2
threshold=11735.500000000002 13622.708333333334 1111.783549585849 8475.1458333333358 17.500000000000004 10677.22916666667 9880.6845238095248 9786.0000000000018 8901.1279761904789 10123.000000000002 1152.9887807103089 9341.9821428571449
decision_type=2 2 2 2 2 2 2 2 2 2 2 2
left_child=3 2 4 -1 -2 6 7 8 9 -5 11 -9
right_child=1 -3 -4 5 -6 -7 -8 10 -10 -11 -12 -13
leaf_value=-3.181325965118408 2.0392477434614431 5.030571246580644 3.0328913211822508 -1.0681329233944417 -1.1165861300764413 -2.8205622012274603 1.5979728068730661 -0.2032352828979492 -2.9154593890905383 0.32242471087437413 -0.80430954635143281 1.1055338764190672
leaf_weight=25 23 22 30 32 29 21 28 20 33 26 24 21
leaf_count=25 23 22 30 32 29 21 28 20 33 26 24 21
internal_value=-1.09135e-08 2.07866 1.28669 -0.939917 0.279263 -0.666575 -0.420739 -0.783072 -1.34074 -0.44478 -0.00233728 0.46711
internal_weight=334 104 82 230 52 205 184 156 91 58 65 41
internal_count=334 104 82 230 52 205 184 156 91 58 65 41
is_linear=0
shrinkage=0.03


Tree=121
num_leaves=11
num_cat=0
split_feature=10 13 14 13 14 5 10 2 10 12
split_gain=690731 318832 270510 360128 153623 105769 151647 144903 72108.4 55109.4
threshold=13142.000000000002 13348.104166666668 831.59086800980356 8475.1458333333358 1229.0842135188659 1.0000000180025095e-35 10271.500000000002 11.500000000000002 11188.500000000002 10091.000000000002
decision_type=2 2 2 2 2 2 2 2 2 2
left_child=2 -2 -1 -4 5 7 -7 9 -9 -5
right_child=1 -3 3 4 -6 6 -8 8 -10 -11
leaf_value=2.7771379566192627 1.2436258423712945 6.031176493338176 -4.4279259357892951 -0.50920653844701835 2.0193298802375792 -3.9706509756445887 -0.3205484860283988 -0.13289571203034498 1.7559083940671838 -2.2360667650516217
leaf_weight=20 31 21 23 29 20 20 21 87 23 39
leaf_count=20 31 21 23 29 20 20 21 87 23 39
internal_value=7.88334e-09 3.17706 -0.585841 -0.842557 -0.497521 -0.727371 -2.10109 -0.410953 0.262036 -1.49961
internal_weight=334 52 282 262 239 219 41 178 110 68
internal_count=334 52 282 262 239 219 41 178 110 68
is_linear=0
shrinkage=0.03


Tree=122
num_leaves=13
num_cat=0
split_feature=10 10 11 12 0 15 10 3 12 12 1 16
split_gain=649909 216522 170070 145859 190912 126997 158759 122831 199843 80096.2 52603.7 33505.4
threshold=13142.000000000002 10030.000000000002 14325.000000000002 8486.0000000000018 14.000000000000002 12423.086309523811 11345.000000000002 1.5000000000000002 10283.500000000002 12190.000000000002 4.5000000000000009 1158.8416705534582
decision_type=2 2 2 2 2 2 2 2 2 2 2 2
left_child=1 3 -2 -1 7 6 10 -5 -9 -8 11 -3
right_child=2 5 -4 4 -6 -7 9 8 -10 -11 -12 -13
leaf_value=-3.8382203464508056 1.5538370460477366 -1.4638960984349252 5.0082442126066784 -0.025587495928225307 0.93706853884843089 -1.4357721182879279 3.5281956882476808 -5.0171914708614347 -1.2167688131332397 0.84330099248886103 1.0898094600179919 0.00012666211408727309
leaf_weight=20 29 24 23 23 31 34 20 20 33 20 23 34
leaf_count=20 29 24 23 23 31 34 20 20 33 20 23 34
internal_value=-1.29747e-08 -0.568266 3.08175 -1.48662 -1.04707 0.184194 0.639391 -1.85639 -2.65089 2.18575 -0.124242 -0.605676
internal_weight=334 282 52 127 107 155 121 76 53 40 81 58
internal_count=334 282 52 127 107 155 121 76 53 40 81 58
is_linear=0
shrinkage=0.03


Tree=123
num_leaves=12
num_cat=0
split_feature=10 11 1 13 12 0 1 12 11 14 16
split_gain=613445 240367 191490 377120 188657 181100 83347.4 146737 63067.6 42428.6 25430.9
threshold=12527.500000000002 14534.000000000002 4.5000000000000009 8771.7083333333339 13472.500000000002 14.000000000000002 3.5000000000000004 12342.000000000002 11126.000000000002 1062.8683286848604 1138.4220989383873
decision_type=2 2 2 2 2 2 2 2 2 2 2
left_child=2 4 3 -1 -2 10 7 8 9 -5 -4
right_child=1 -3 5 6 -6 -7 -8 -9 -10 -11 -12
leaf_value=-4.4116403388657739 -0.11626401141285896 5.1261987413678849 -1.515276841163635 0.48273516772495167 3.5431426892961775 2.2116125914629765 -2.2205879536628723 -2.6984667034149172 1.1694736689679761 -0.94704094420088092 -0.020524779728480744
leaf_weight=28 32 21 20 31 21 34 25 20 34 47 21
leaf_count=28 32 21 20 31 21 34 25 20 34 47 21
internal_value=2.27466e-09 2.40994 -0.685907 -1.20429 1.33369 0.592777 -0.632281 -0.331465 0.091214 -0.378797 -0.749672
internal_weight=334 74 260 185 53 75 157 132 112 78 41
internal_count=334 74 260 185 53 75 157 132 112 78 41
is_linear=0
shrinkage=0.03


Tree=124
num_leaves=12
num_cat=0
split_feature=10 14 10 15 5 10 11 11 2 10 15
split_gain=580209 249332 250250 166825 159051 157444 152435 118370 77088.4 36451 14659.4
threshold=13142.000000000002 831.59086800980356 9786.0000000000018 12423.086309523811 1.0000000180025095e-35 11345.000000000002 14325.000000000002 10258.000000000002 16.500000000000004 10795.000000000002 9341.9821428571449
decision_type=2 2 2 2 2 2 2 2 2 2 2
left_child=1 -1 4 5 7 9 -2 8 -3 10 -4
right_child=6 2 3 -5 -6 -7 -8 -9 -10 -11 -12
leaf_value=2.691721092224121 1.4652827367289314 -3.1425612008571622 -0.24263760621731098 -1.8580125011097299 -3.4611325581009322 2.2758631307938519 4.7356927349256424 0.57911191270901607 -0.78475271701812743 -1.0805119845958857 0.73061462259292598
leaf_weight=20 29 24 26 33 37 34 23 26 26 26 30
leaf_count=20 29 24 26 33 37 34 23 26 26 26 30
internal_value=8.85504e-09 -0.53693 -0.783391 0.0240368 -1.84805 0.559447 2.91181 -1.06274 -1.9165 -0.152237 0.278748
internal_weight=334 282 262 149 113 116 52 76 50 82 56
internal_count=334 282 262 149 113 116 52 76 50 82 56
is_linear=0
shrinkage=0.03


Tree=125
num_leaves=13
num_cat=0
split_feature=10 3 11 12 10 15 0 12 11 10 15 2
split_gain=546942 222546 380850 177693 141722 132216 150057 207212 72411.6 48006.6 32479.8 28717.3
threshold=12527.500000000002 3.5000000000000004 14325.000000000002 8100.0000000000009 8798.0000000000018 12423.086309523811 14.000000000000002 9107.0000000000018 10453.000000000002 10030.000000000002 8901.1279761904789 12.500000000000002
decision_type=2 2 2 2 2 2 2 2 2 2 2 2
left_child=3 -2 -3 -1 -5 6 9 8 -8 10 -6 -11
right_child=1 2 -4 4 5 -7 7 -9 -10 11 -12 -13
leaf_value=-3.227225926572626 0.040197284405048071 1.1296851479344896 6.5164424841744557 -2.7624816349574499 -0.58994630861282349 -2.3321329394630763 1.3921385108100042 3.6835756087303162 -0.62893978783717519 -0.72834994431138034 -2.0241902920934889 0.69568824621347281
leaf_weight=22 26 27 21 21 30 23 27 20 39 25 27 26
leaf_count=22 26 27 21 21 30 23 27 20 39 25 27 26
internal_value=-8.62349e-09 2.27557 3.48639 -0.647661 -0.409214 -0.181479 0.073496 1.0085 0.197865 -0.671041 -1.26933 -0.00236969
internal_weight=334 74 48 260 238 217 194 86 66 108 57 51
internal_count=334 74 48 260 238 217 194 86 66 108 57 51
is_linear=0
shrinkage=0.03


Tree=126
num_leaves=11
num_cat=0
split_feature=10 13 14 13 14 5 2 10 3 10
split_gain=517394 281217 233280 300163 149204 84821.3 137302 117987 96781.6 59518.7
threshold=13142.000000000002 13348.104166666668 831.59086800980356 8475.1458333333358 1229.0842135188659 1.0000000180025095e-35 11.500000000000002 10271.500000000002 3.5000000000000004 11188.500000000002
decision_type=2 2 2 2 2 2 2 2 2 2
left_child=2 -2 -1 -4 5 6 8 -7 -5 -8
right_child=1 -3 3 4 -6 7 9 -9 -10 -11
leaf_value=2.6159582748413084 0.93387205769938808 5.4301488393970896 -4.0187148608332093 -0.59743201049891381 2.0499582281112669 -3.536204934597015 -0.077291422856265099 -0.31657981719289507 -2.9657513204216959 1.6387226368033367
leaf_weight=20 31 21 23 44 20 20 87 21 24 23
leaf_count=20 31 21 23 44 20 20 87 21 24 23
internal_value=-1.4107e-09 2.74968 -0.507032 -0.745429 -0.430426 -0.656945 -0.373589 -1.88713 -1.43331 0.281512
internal_weight=334 52 282 262 239 219 178 41 68 110
internal_count=334 52 282 262 239 219 178 41 68 110
is_linear=0
shrinkage=0.03


Tree=127
num_leaves=9
num_cat=0
split_feature=13 14 13 14 15 13 15 2
split_gain=446230 229261 314965 160904 134085 176733 161811 110853
threshold=13622.708333333334 831.59086800980356 8475.1458333333358 1236.1237868981814 12423.086309523811 9097.9791666666679 8901.1279761904789 11.500000000000002
decision_type=2 2 2 2 2 2 2 2
left_child=1 -1 -3 4 5 6 -4 -7
right_child=-2 2 3 -5 -6 7 -8 -9
leaf_value=2.6467181981693613 3.9409659683704374 -3.8981533564691957 -0.55678987158669357 2.2814895902361187 -2.5366478113174438 -0.62466569096877655 -3.7156412487030028 1.0685235602896788
leaf_weight=22 24 23 54 21 25 58 20 87
leaf_count=22 24 23 54 21 25 58 20 87
internal_value=1.24045e-08 -0.305107 -0.530594 -0.238315 -0.455183 -0.217573 -1.41053 0.391248
internal_weight=334 310 288 265 244 219 74 145
internal_count=334 310 288 265 244 219 74 145
is_linear=0
shrinkage=0.03


Tree=128
num_leaves=10
num_cat=0
split_feature=10 13 14 13 14 5 10 12 11
split_gain=470337 253411 206954 264595 131766 75080.4 110053 64041.6 60776.5
threshold=13142.000000000002 13348.104166666668 831.59086800980356 8475.1458333333358 1229.0842135188659 1.0000000180025095e-35 10271.500000000002 12342.000000000002 10496.000000000002
decision_type=2 2 2 2 2 2 2 2 2
left_child=2 -2 -1 -4 5 7 -7 8 -5
right_child=1 -3 3 4 -6 6 -8 -9 -10
leaf_value=2.4580779647827149 0.89795618764815788 5.1661634724480763 -3.7812087946352748 -0.75352393472214796 1.9187258920669557 -3.3751506099700928 -0.265651342187609 -1.7999398088455199 0.43933332516252993
leaf_weight=20 31 21 23 74 20 20 21 24 80
leaf_count=20 31 21 23 74 20 20 21 24 80
internal_value=-4.05744e-09 2.62166 -0.483426 -0.707968 -0.412217 -0.625088 -1.78248 -0.358498 -0.133858
internal_weight=334 52 282 262 239 219 41 178 154
internal_count=334 52 282 262 239 219 41 178 154
is_linear=0
shrinkage=0.03


Tree=129
num_leaves=13
num_cat=0
split_feature=10 14 3 12 6 3 14 1 12 11 15 12
split_gain=444744 185913 362623 132432 175071 97947.7 173057 70635.4 68690.1 60462.6 35194.6 20592.2
threshold=11735.500000000002 964.49004599407829 3.5000000000000004 8100.0000000000009 -0.9159756150367534 2.5000000000000004 1075.160631066565 4.5000000000000009 10726.000000000002 10515.500000000002 9626.5119047619064 8818.0000000000018
decision_type=2 2 2 2 2 2 2 2 2 2 2 2
left_child=3 -2 -3 -1 7 10 8 9 -7 -5 -6 -11
right_child=1 2 -4 4 5 6 -8 -9 -10 11 -12 -13
leaf_value=-2.9496010390194978 -0.4118310849419955 0.30269160747528073 4.4751034878429614 -1.3118066571950913 0.26905208985010781 0.14752530276775361 -4.2491389162199837 2.0233784502202816 -2.1732342335310846 0.044044575691223144 -1.2539860842444679 1.3890976109504698
leaf_weight=22 29 37 38 20 36 24 21 22 22 21 22 20
leaf_count=22 29 37 38 20 36 24 21 22 22 21 22 20
internal_value=-8.88716e-09 1.62798 2.41671 -0.736132 -0.502015 -1.21123 -1.99257 0.566085 -0.962403 0.0405042 -0.308652 0.700168
internal_weight=334 104 75 230 208 125 67 83 46 61 58 41
internal_count=334 104 75 230 208 125 67 83 46 61 58 41
is_linear=0
shrinkage=0.03


Tree=130
num_leaves=10
num_cat=0
split_feature=10 13 14 13 14 15 15 12 5
split_gain=419484 234335 195640 244243 122943 121208 237667 106044 96469.1
threshold=13142.000000000002 13348.104166666668 831.59086800980356 8475.1458333333358 1229.0842135188659 10991.720238095239 9880.6845238095248 13084.000000000002 1.0000000180025095e-35
decision_type=2 2 2 2 2 2 2 2 2
left_child=2 -2 -1 -4 5 6 8 -7 -5
right_child=1 -3 3 4 -6 7 -8 -9 -10
leaf_value=2.4034260120391844 0.81832323766523785 4.9227326769062456 -3.6275438366765562 -0.37005879732758495 1.8608381509780882 -3.4111557297084643 2.5306872594356538 -0.46254953801631926 -2.519362108924172
leaf_weight=20 31 21 23 129 20 23 24 21 22
leaf_count=20 31 21 23 129 20 23 24 21 22
internal_value=7.46307e-09 2.47587 -0.456544 -0.674862 -0.390713 -0.596334 -0.24244 -2.00387 -0.683202
internal_weight=334 52 282 262 239 219 175 44 151
internal_count=334 52 282 262 239 219 175 44 151
is_linear=0
shrinkage=0.03


Tree=131
num_leaves=11
num_cat=0
split_feature=10 14 3 1 1 12 11 14 6 3
split_gain=401717 172872 330386 120214 167484 189603 158543 164641 92703.7 83282.4
threshold=11735.500000000002 964.49004599407829 3.5000000000000004 4.5000000000000009 3.5000000000000004 11642.500000000002 11126.000000000002 1058.721499065952 1.0000000180025095e-35 1.5000000000000002
decision_type=2 2 2 2 2 2 2 2 2 2
left_child=3 -2 -3 4 5 6 7 -1 -5 -9
right_child=1 2 -4 8 -6 -7 -8 9 -10 -11
leaf_value=0.91465464750925696 -0.41974244923427184 0.28993067960481383 4.272558829156976 1.6631078457010202 -2.9016958242010422 -3.1525012862140485 2.3141364837884906 -0.77543345823884002 -0.64577382508446179 -3.2432305326461788
leaf_weight=36 29 37 38 29 37 22 20 32 34 20
leaf_count=36 29 37 38 29 37 22 20 32 34 20
internal_value=-3.06768e-09 1.54723 2.3078 -0.699618 -1.12087 -0.614025 -0.0969276 -0.644897 0.417045 -1.72459
internal_weight=334 104 75 230 167 130 108 88 63 52
internal_count=334 104 75 230 167 130 108 88 63 52
is_linear=0
shrinkage=0.03


Tree=132
num_leaves=12
num_cat=0
split_feature=10 12 12 2 12 0 16 1 5 12 11
split_gain=379488 342802 224361 373177 109543 95082.3 118905 92030.1 72823.2 85864.9 25619.7
threshold=11149.000000000002 10759.500000000002 13472.500000000002 16.500000000000004 8100.0000000000009 14.000000000000002 1096.3218380864141 4.5000000000000009 1.0000000180025095e-35 11402.500000000002 10515.500000000002
decision_type=2 2 2 2 2 2 2 2 2 2 2
left_child=4 -2 3 -3 -1 6 -6 10 9 -8 -7
right_child=1 2 -4 -5 5 7 8 -9 -10 -11 -12
leaf_value=-2.7844356582381509 4.6160183950610785 1.4342839083156069 2.3875165832670109 -3.2043026182386609 -2.5401517955916266 -1.2346878249049187 -0.12233053060138926 1.9254095389626242 0.89885880317687994 -2.5621709840638296 0.15148708820343018
leaf_weight=22 23 37 38 27 35 20 34 22 25 21 30
leaf_count=22 23 37 38 27 35 20 34 22 25 21 30
internal_value=-8.33037e-09 1.30757 0.561549 -0.52262 -0.78204 -0.546464 -1.08173 0.30847 -0.443667 -1.05391 -0.402983
internal_weight=334 125 102 64 209 187 115 72 80 55 50
internal_count=334 125 102 64 209 187 115 72 80 55 50
is_linear=0
shrinkage=0.03


Tree=133
num_leaves=8
num_cat=0
split_feature=10 14 13 12 16 10 12
split_gain=367392 164310 236382 119171 178869 231384 93137.8
threshold=13933.500000000002 831.59086800980356 8475.1458333333358 13892.000000000002 1294.5984759989112 11872.500000000002 11592.000000000002
decision_type=2 2 2 2 2 2 2
left_child=1 -1 -3 4 5 6 -4
right_child=-2 2 3 -5 -6 -7 -8
leaf_value=2.224126942498343 2.9555197805516862 -3.4408591311910879 -0.31440405354378331 1.7466146373748779 -2.7224634402138848 2.4214745420879789 -2.4881368496417999
leaf_weight=21 34 23 157 24 28 27 20
leaf_count=21 34 23 157 24 28 27 20
internal_value=-2.23892e-08 -0.334959 -0.527578 -0.265838 -0.474023 -0.165414 -0.560024
internal_weight=334 300 279 256 232 204 177
internal_count=334 300 279 256 232 204 177
is_linear=0
shrinkage=0.03


Tree=134
num_leaves=8
num_cat=0
split_feature=10 14 13 12 15 10 14
split_gain=345679 154599 222412 112128 297062 228474 78506
threshold=13933.500000000002 831.59086800980356 8475.1458333333358 13892.000000000002 12423.086309523811 11345.000000000002 994.93336081656605
decision_type=2 2 2 2 2 2 2
left_child=1 -1 -3 4 5 6 -4
right_child=-2 2 3 -5 -6 -7 -8
leaf_value=2.1574031911577496 2.8668542643154367 -3.3376333423282785 -1.8517525763945144 1.6942161965370179 -3.4814772143730752 2.0926736343900361 -0.22178204809662197
leaf_weight=21 34 23 33 24 26 36 137
leaf_count=21 34 23 33 24 26 36 137
internal_value=4.48641e-09 -0.32491 -0.511751 -0.257863 -0.459802 -0.0784258 -0.538188
internal_weight=334 300 279 256 232 206 170
internal_count=334 300 279 256 232 206 170
is_linear=0
shrinkage=0.03


Tree=135
num_leaves=11
num_cat=0
split_feature=11 12 14 1 13 0 1 15 8 15
split_gain=334845 222491 154571 153937 245818 178651 165746 114615 56978.9 107521
threshold=14712.000000000002 13472.500000000002 1019.0482068854443 4.5000000000000009 8771.7083333333339 14.000000000000002 5.5000000000000009 12290.372023809525 0.93301270189221952 9880.6845238095248
decision_type=2 2 2 2 2 2 2 2 2 2
left_child=1 3 -3 4 -1 -5 -7 8 9 -6
right_child=-2 2 -4 5 7 6 -8 -9 -10 -11
leaf_value=-3.6062376104082379 3.7637417335510253 -0.02745772225516183 3.6124522427150181 -0.90102514141484302 -0.42498248219490048 3.9025380878448481 0.040267154216766354 -2.638871500151498 -1.7542269659042358 1.928419132232666
leaf_weight=28 20 21 21 38 104 20 20 21 20 21
leaf_count=28 20 21 21 38 104 20 20 21 20 21
internal_value=-3.64052e-09 -0.239729 1.7925 -0.553528 -1.00607 0.572015 1.9714 -0.567483 -0.267489 -0.029611
internal_weight=334 314 42 272 194 78 40 166 145 125
internal_count=334 314 42 272 194 78 40 166 145 125
is_linear=0
shrinkage=0.03


Tree=136
num_leaves=12
num_cat=0
split_feature=10 3 14 16 14 16 5 11 14 2 10
split_gain=317364 247046 160092 153695 135557 129368 104759 89671.4 73999.4 60786.6 46938.5
threshold=12985.000000000002 3.5000000000000004 831.59086800980356 1089.7298327516705 1064.209849742884 1136.7707033612398 1.0000000180025095e-35 10166.000000000002 989.36179887363949 10.500000000000002 11188.500000000002
decision_type=2 2 2 2 2 2 2 2 2 2 2
left_child=2 -2 -1 4 8 7 9 -5 -4 -7 -11
right_child=1 -3 3 5 -6 6 -8 -9 -10 10 -12
leaf_value=2.1610554485321041 -0.48729739227078178 3.5478660535812376 -2.2333369146693833 -0.50753736291612905 -3.9350086927413939 -1.1229205547846279 -2.1048850517954145 1.9857964496402181 0.17544353127479553 -0.29996027136842413 1.3921541679382323
leaf_weight=20 22 36 22 21 20 39 35 34 24 36 25
leaf_count=20 22 36 22 21 20 39 35 34 24 36 25
internal_value=1.10447e-08 2.01729 -0.423923 -0.625874 -1.87307 -0.192636 -0.692293 1.0338 -0.976582 -0.197886 0.393529
internal_weight=334 58 276 256 66 190 135 55 46 100 61
internal_count=334 58 276 256 66 190 135 55 46 100 61
is_linear=0
shrinkage=0.03


Tree=137
num_leaves=11
num_cat=0
split_feature=11 12 1 13 0 1 15 16 8 15
split_gain=303073 201937 143040 223791 166788 156510 110693 74289 52999.8 95050.8
threshold=14712.000000000002 13472.500000000002 4.5000000000000009 8771.7083333333339 14.000000000000002 5.5000000000000009 12290.372023809525 1512.6763204309889 0.93301270189221952 9880.6845238095248
decision_type=2 2 2 2 2 2 2 2 2 2
left_child=1 2 3 -1 -4 -6 8 -3 9 -5
right_child=-2 7 4 6 5 -7 -8 -9 -10 -11
leaf_value=-3.4441933240209308 3.5807315597534179 0.38472203779220576 -0.86534453065771799 -0.39228075183928013 3.7866336193084713 0.033518128395080567 -2.5804229954310824 2.911003800305453 -1.6838489947021007 1.8204465062277657
leaf_weight=28 20 20 38 104 20 20 21 22 20 21
leaf_count=28 20 20 38 104 20 20 21 22 20 21
internal_value=2.7411e-09 -0.228072 -0.527026 -0.963253 0.557948 1.91008 -0.544781 1.70801 -0.249964 -0.0205426
internal_weight=334 314 272 194 78 40 166 42 145 125
internal_count=334 314 272 194 78 40 166 42 145 125
is_linear=0
shrinkage=0.03


Tree=138
num_leaves=8
num_cat=0
split_feature=13 14 13 0 12 15 10
split_gain=291011 157000 200383 115500 245605 145403 233610
threshold=13674.16666666667 831.59086800980356 8475.1458333333358 18.500000000000004 13472.500000000002 12146.97916666667 11345.000000000002
decision_type=2 2 2 2 2 2 2
left_child=1 -1 -3 4 5 6 -4
right_child=-2 2 3 -5 -6 -7 -8
leaf_value=2.21425216067921 3.418734389713832 -3.1013644441832668 -0.47220104230852683 -2.1692810078710316 2.6034181974674091 -2.7089913095746718 2.6896258735656735
leaf_weight=22 21 23 170 24 29 21 24
leaf_count=22 21 23 170 24 29 21 24
internal_value=-8.04663e-09 -0.229372 -0.414113 -0.183491 0.0118326 -0.33773 -0.0810472
internal_weight=334 313 291 268 244 215 194
internal_count=334 313 291 268 244 215 194
is_linear=0
shrinkage=0.03


Tree=139
num_leaves=14
num_cat=0
split_feature=10 3 14 10 15 15 12 14 14 12 2 10 10
split_gain=284437 216395 137521 122486 138196 119424 114041 154693 145062 108193 30255.3 26283.6 8114.06
threshold=12985.000000000002 3.5000000000000004 831.59086800980356 9786.0000000000018 10991.720238095239 9880.6845238095248 10283.500000000002 1008.0883802752595 1097.9498314933219 13742.500000000002 17.500000000000004 9243.5000000000018 10615.500000000002
decision_type=2 2 2 2 2 2 2 2 2 2 2 2 2
left_child=2 -2 -1 6 5 10 7 -4 -9 -6 12 -8 -5
right_child=1 -3 3 4 9 -7 11 8 -10 -11 -12 -13 -14
leaf_value=1.9945066609382627 -0.43430249268358401 3.3422606110572817 -4.0124351453781122 0.23690288245677946 -2.2323698515050552 2.7624572811126709 -0.8420861735343933 0.65681747449480965 -2.6444821729660033 0.54839052164554591 -0.63054295037473951 0.67752108301435199 1.0812237306833266
leaf_weight=20 22 36 24 21 34 20 20 23 25 20 28 21 20
leaf_count=20 22 36 24 21 34 20 20 23 25 20 28 21 20
internal_value=-7.81642e-09 1.90977 -0.401329 -0.588503 -0.00517053 0.721274 -1.3267 -2.04588 -1.06261 -1.20246 0.129627 -0.0637507 0.648767
internal_weight=334 58 276 256 143 89 113 72 48 54 69 41 41
internal_count=334 58 276 256 143 89 113 72 48 54 69 41 41
is_linear=0
shrinkage=0.03


Tree=140
num_leaves=9
num_cat=0
split_feature=11 12 2 15 12 10 2 16
split_gain=269473 169244 135837 93040 91933.1 131739 67945.5 67339
threshold=14712.000000000002 13472.500000000002 4.5000000000000009 12423.086309523811 8147.5000000000009 8869.0000000000018 11.500000000000002 1512.6763204309889
decision_type=2 2 2 2 2 2 2 2
left_child=1 2 -1 4 -4 -6 -7 -3
right_child=-2 7 3 -5 5 6 -8 -9
leaf_value=1.2558135523285185 3.3764127674102782 0.29751478046178814 -2.3781839977611194 -2.4773108608245846 -2.3591075697898862 -0.95886889048985069 0.37347537671697545 2.7027233518253673
leaf_weight=35 20 20 22 25 25 49 116 22
leaf_count=35 20 20 22 25 25 49 116 22
internal_value=-4.85582e-09 -0.215058 -0.488744 -0.746379 -0.54226 -0.32968 -0.0221905 1.55739
internal_weight=334 314 272 237 212 190 165 42
internal_count=334 314 272 237 212 190 165 42
is_linear=0
shrinkage=0.03


Tree=141
num_leaves=13
num_cat=0
split_feature=10 11 1 13 6 1 13 1 10 2 3 0
split_gain=260341 204263 129425 208784 138705 85630 84115.7 66166.8 49068.7 35730.2 28952.2 13690.3
threshold=12985.000000000002 14325.000000000002 4.5000000000000009 8771.7083333333339 -0.9159756150367534 1.5000000000000002 10957.312500000002 3.5000000000000004 11345.000000000002 18.500000000000004 1.5000000000000002 14.000000000000002
decision_type=2 2 2 2 2 2 2 2 2 2 2 2
left_child=2 -2 3 -1 -4 8 7 10 11 -6 -7 -5
right_child=1 -3 4 5 9 6 -8 -9 -10 -11 -12 -13
leaf_value=-3.2000032376391547 0.2775062402811917 3.8725383007049556 2.1212544649297538 -0.55527594681297021 0.31652517318725581 -0.81708304560184475 -2.5185259357094765 -1.9415286903083324 1.6122582898821149 -1.3334141445159913 0.62944781812754536 0.45802064503942219
leaf_weight=28 33 25 33 28 27 20 24 20 21 21 33 21
leaf_count=28 33 25 33 28 27 20 24 20 21 21 33 21
internal_value=1.41391e-08 1.82709 -0.383953 -0.802651 0.624023 -0.4007 -0.977784 -0.471239 0.398973 -0.405323 0.0835871 -0.121006
internal_weight=334 58 276 195 81 167 97 73 70 48 53 49
internal_count=334 58 276 195 81 167 97 73 70 48 53 49
is_linear=0
shrinkage=0.03


Tree=142
num_leaves=12
num_cat=0
split_feature=13 12 16 2 10 16 11 12 10 2 15
split_gain=245520 125376 86585.2 120740 115954 129200 82211.1 79397.3 156548 68173.2 22988.2
threshold=13674.16666666667 8100.0000000000009 1104.8340154755845 27.500000000000004 12527.500000000002 1132.3026285124622 11359.500000000002 8695.5000000000018 9027.0000000000018 14.500000000000002 8881.7559523809541
decision_type=2 2 2 2 2 2 2 2 2 2 2
left_child=1 -1 7 4 5 -4 -7 -3 -9 -6 -10
right_child=-2 2 3 -5 9 6 -8 8 10 -11 -12
leaf_value=-2.3943759794126858 3.1401768861498152 0.80510558571134294 2.1427910038828846 -1.793203750523654 0.76843848466873166 0.42719007840380069 -1.2056271902882323 -3.3261800877944281 0.46522240877151488 3.2157841200828554 -0.87669582128524781
leaf_weight=22 21 21 24 22 21 64 49 23 20 20 27
leaf_count=22 21 21 24 22 21 64 49 23 20 20 27
internal_value=1.25705e-08 -0.210683 -0.0455926 0.303469 0.562608 0.143733 -0.280846 -0.812761 -1.29812 1.96227 -0.305667
internal_weight=334 313 291 200 178 137 113 91 70 41 47
internal_count=334 313 291 200 178 137 113 91 70 41 47
is_linear=0
shrinkage=0.03


Tree=143
num_leaves=8
num_cat=0
split_feature=10 14 13 15 13 2 5
split_gain=234471 114499 157428 94252.6 165873 89135.8 137909
threshold=13933.500000000002 831.59086800980356 8475.1458333333358 12624.54761904762 11946.85416666667 3.5000000000000004 1.0000000180025095e-35
decision_type=2 2 2 2 2 2 2
left_child=1 -1 -3 4 5 -4 -7
right_child=-2 2 3 -5 -6 6 -8
leaf_value=1.8686721045630317 2.361097049432642 -2.8058625474183452 1.3263673171069885 -1.7947268009185791 2.4095065768905308 -0.12897667022421955 -2.3062717916071414
leaf_weight=21 34 23 27 30 23 144 32
leaf_count=21 34 23 27 30 23 144 32
internal_value=6.72158e-09 -0.267591 -0.428385 -0.214783 -0.0050565 -0.278628 -0.524849
internal_weight=334 300 279 256 226 203 176
internal_count=334 300 279 256 226 203 176
is_linear=0
shrinkage=0.03


Tree=144
num_leaves=10
num_cat=0
split_feature=13 14 13 0 10 14 13 16 10
split_gain=227452 132992 153096 117836 206440 276635 74639.5 69498.7 56233.3
threshold=13674.16666666667 831.59086800980356 8475.1458333333358 18.500000000000004 11188.500000000002 1111.783549585849 10196.687500000002 1226.9915430752378 9721.5000000000018
decision_type=2 2 2 2 2 2 2 2 2
left_child=1 -1 -3 4 6 7 8 -6 -4
right_child=-2 2 3 -5 5 -7 -8 -9 -10
leaf_value=2.0462532689354638 3.0224263157163347 -2.7216867731965109 -0.78300019347265859 -2.1770013459026814 -1.4521464836597442 3.6466535908600379 -2.1996652950559343 1.0488306834697723 0.37771776135151203
leaf_weight=22 21 23 89 24 20 29 21 20 65
leaf_count=22 21 23 89 24 20 29 21 20 65
internal_value=1.99158e-09 -0.202783 -0.372813 -0.17123 0.0260586 1.41575 -0.521876 -0.201658 -0.293087
internal_weight=334 313 291 268 244 69 175 40 154
internal_count=334 313 291 268 244 69 175 40 154
is_linear=0
shrinkage=0.03


Tree=145
num_leaves=13
num_cat=0
split_feature=11 12 14 1 1 0 1 12 2 11 2 12
split_gain=219185 145424 136659 124055 163741 149007 150753 105337 94479.4 137346 69396.2 16601.1
threshold=14712.000000000002 13472.500000000002 1019.0482068854443 4.5000000000000009 3.5000000000000004 14.000000000000002 5.5000000000000009 11592.000000000002 16.500000000000004 10402.000000000002 25.500000000000004 12260.000000000002
decision_type=2 2 2 2 2 2 2 2 2 2 2 2
left_child=1 3 -3 4 7 -5 -7 8 9 -1 -10 -9
right_child=-2 2 -4 5 -6 6 -8 11 10 -11 -12 -13
leaf_value=-2.6914772676879712 3.0451133923530578 -0.26222780585289002 3.1602932580879752 -0.78253112366324973 -2.6797995128234224 3.6825019111633299 -0.0009463765025138854 -2.3649811706542967 1.7284562885080064 0.27301611093374401 -0.4529643767220633 -1.1572860664980753
leaf_weight=22 20 21 21 38 36 20 20 20 35 39 21 21
leaf_count=22 20 21 21 38 36 20 20 20 35 39 21 21
internal_value=1.10501e-08 -0.193956 1.44903 -0.447653 -0.8539 0.562755 1.84078 -0.437872 0.0206739 -0.796145 0.910424 -1.74641
internal_weight=334 314 42 272 194 78 40 158 117 61 56 41
internal_count=334 314 42 272 194 78 40 158 117 61 56 41
is_linear=0
shrinkage=0.03


Tree=146
num_leaves=11
num_cat=0
split_feature=10 12 6 12 12 15 12 1 3 13
split_gain=207113 105103 118728 110202 86804.6 90403.8 93657 49155.3 41674.4 22489.6
threshold=13933.500000000002 8100.0000000000009 -0.9159756150367534 9346.5000000000018 14067.000000000002 12359.73511904762 10283.500000000002 4.5000000000000009 2.5000000000000004 8900.6250000000018
decision_type=2 2 2 2 2 2 2 2 2 2
left_child=1 -1 3 7 5 6 -4 8 -3 -8
right_child=-2 2 4 -5 -6 -7 9 -9 -10 -11
leaf_value=-2.2475799130309713 2.2190787177927351 0.3615989103624897 -1.9232853894867001 2.3239285032238279 1.0347704839247922 -2.5304075998067854 0.84834506320953373 1.3847816133499145 -1.3238198240814001 -0.28547669832770889
leaf_weight=22 34 31 32 28 26 24 20 20 23 74
leaf_count=22 34 31 32 28 26 24 20 20 23 74
internal_value=6.74835e-09 -0.251496 -0.0935321 0.720856 -0.565507 -0.842889 -0.521456 0.114288 -0.356265 -0.044238
internal_weight=334 300 278 102 176 150 126 74 54 94
internal_count=334 300 278 102 176 150 126 74 54 94
is_linear=0
shrinkage=0.03


Tree=147
num_leaves=8
num_cat=0
split_feature=13 14 13 0 12 15 10
split_gain=201983 121557 138652 116176 186428 140008 191383
threshold=13674.16666666667 831.59086800980356 8475.1458333333358 18.500000000000004 13472.500000000002 12146.97916666667 11345.000000000002
decision_type=2 2 2 2 2 2 2
left_child=1 -1 -3 4 5 6 -4
right_child=-2 2 3 -5 -6 -7 -8
leaf_value=1.9590858054432003 2.8481816245828355 -2.5889733259055925 -0.37263279939399047 -2.1534034638106823 2.2919716740476672 -2.5973287636893136 2.4891946262866256
leaf_weight=22 21 23 170 24 29 21 24
leaf_count=22 21 23 170 24 29 21 24
internal_value=5.54644e-09 -0.191092 -0.353648 -0.161811 0.0340835 -0.270469 -0.0185923
internal_weight=334 313 291 268 244 215 194
internal_count=334 313 291 268 244 215 194
is_linear=0
shrinkage=0.03


Tree=148
num_leaves=11
num_cat=0
split_feature=11 12 14 12 2 15 0 12 3 2
split_gain=195156 123087 126478 118428 212696 149513 93779.5 144121 119590 90104.4
threshold=14712.000000000002 13472.500000000002 1019.0482068854443 11592.000000000002 16.500000000000004 9544.9196428571431 17.500000000000004 8671.0000000000018 11.500000000000002 14.500000000000002
decision_type=2 2 2 2 2 2 2 2 2 2
left_child=1 3 -3 5 -5 6 7 -1 -9 -7
right_child=-2 2 -4 4 -6 9 -8 8 -10 -11
leaf_value=2.0615638748237064 2.8733507316112514 -0.31775275281497412 2.9748161908558433 0.27163227343559265 -3.2185912444374774 0.15685974946147518 -1.9181976951135171 0.2507322004984836 -2.0266127808888754 2.3996850299835204
leaf_weight=21 20 21 21 30 33 38 37 49 36 28
leaf_count=21 20 21 21 30 33 38 37 49 36 28
internal_value=-1.04397e-09 -0.183016 1.32853 -0.416417 -1.55658 -0.0727311 -0.617851 -0.163956 -0.71379 1.10836
internal_weight=334 314 42 272 63 209 143 106 85 66
internal_count=334 314 42 272 63 209 143 106 85 66
is_linear=0
shrinkage=0.03


Tree=149
num_leaves=10
num_cat=0
split_feature=10 13 14 13 14 15 15 12 5
split_gain=187189 183732 98865.9 114873 93421.1 132425 158201 74541 69712.1
threshold=13142.000000000002 13348.104166666668 831.59086800980356 8475.1458333333358 1229.0842135188659 10991.720238095239 9880.6845238095248 13084.000000000002 1.0000000180025095e-35
decision_type=2 2 2 2 2 2 2 2 2
left_child=2 -2 -1 -4 5 6 8 -7 -5
right_child=1 -3 3 4 -6 7 -8 -9 -10
leaf_value=1.7281098071336747 0.1861951409616778 3.8205299186706538 -2.4851220137140024 -0.16804552172505577 1.697387095928192 -3.0956430686038474 2.1878697210550309 -0.62351151721818099 -1.9951261912692675
leaf_weight=20 31 21 23 129 20 23 24 21 22
leaf_count=20 31 21 23 129 20 23 24 21 22
internal_value=5.27876e-09 1.65391 -0.304976 -0.460173 -0.265304 -0.444545 -0.0746387 -1.91576 -0.434243
internal_weight=334 52 282 262 239 219 175 44 151
internal_count=334 52 282 262 239 219 175 44 151
is_linear=0
shrinkage=0.03


Tree=150
num_leaves=11
num_cat=0
split_feature=10 14 16 15 13 14 16 14 14 12
split_gain=179286 112233 122813 130428 116544 104176 80887.6 79805.9 73721.8 58909.2
threshold=13997.000000000002 831.59086800980356 1089.7298327516705 12624.54761904762 11946.85416666667 1064.209849742884 1136.7707033612398 1002.7899885876728 989.36179887363949 9883.5000000000018
decision_type=2 2 2 2 2 2 2 2 2 2
left_child=1 -1 5 4 6 8 9 -8 -3 -4
right_child=-2 2 3 -5 -6 -7 7 -9 -10 -11
leaf_value=1.8411703026294708 2.1730119083845807 -1.961682605328767 1.843004073562293 -1.8994423509466236 2.2628005920285763 -3.3129850194454193 -2.0260829513892529 -0.059196815345345474 0.39177190325260164 -0.12356104490848689
leaf_weight=22 31 23 29 29 23 20 24 82 25 26
leaf_count=22 31 23 29 29 23 20 24 82 25 26
internal_value=-5.9627e-10 -0.222321 -0.383876 -0.0295071 0.265211 -1.49388 -0.020159 -0.50453 -0.735925 0.913355
internal_weight=334 303 281 213 184 68 161 106 48 55
internal_count=334 303 281 213 184 68 161 106 48 55
is_linear=0
shrinkage=0.03


Tree=151
num_leaves=11
num_cat=0
split_feature=11 12 14 12 2 10 12 10 11 2
split_gain=171905 111558 119222 117605 197546 138702 90492.8 100266 194083 47073.1
threshold=14712.000000000002 13472.500000000002 1019.0482068854443 11592.000000000002 16.500000000000004 11104.500000000002 10401.000000000002 8869.0000000000018 9966.0000000000018 13.500000000000002
decision_type=2 2 2 2 2 2 2 2 2 2
left_child=1 3 -3 5 -5 6 7 -1 -9 -8
right_child=-2 2 -4 4 -6 -7 9 8 -10 -11
leaf_value=-2.6377635058489712 2.6967595742493868 -0.33111055147434981 2.8656160749707906 0.23173756647109983 -3.1318941458788783 1.8739447809909953 -0.38173883167180145 2.0249792669130406 -1.093469039121779 1.432747143468549
leaf_weight=22 20 21 21 30 33 29 22 23 82 31
leaf_count=22 20 21 21 30 33 29 22 23 82 31
internal_value=-5.20849e-09 -0.171768 1.26725 -0.39397 -1.53016 -0.0514805 -0.361688 -0.796226 -0.41038 0.679564
internal_weight=334 314 42 272 63 209 180 127 105 53
internal_count=334 314 42 272 63 209 180 127 105 53
is_linear=0
shrinkage=0.03


Tree=152
num_leaves=13
num_cat=0
split_feature=13 14 16 2 14 10 7 2 14 16 14 2
split_gain=163191 99569.2 115879 130390 124080 192969 174722 130947 98381.6 72824 54829.6 38782.9
threshold=13674.16666666667 831.59086800980356 1089.7298327516705 27.500000000000004 1106.373425572752 11990.500000000002 -0.12940952255126037 12.500000000000002 1064.209849742884 1147.3153579186262 989.36179887363949 17.500000000000004
decision_type=2 2 2 2 2 2 2 2 2 2 2 2
left_child=1 -1 8 4 6 11 7 -4 10 -8 -3 -6
right_child=-2 2 3 -5 5 -7 9 -9 -10 -11 -12 -13
leaf_value=1.7742526947368273 2.5601123046874998 -1.7686807777664879 -1.0884570677643237 -2.0771768027544022 0.83202667623150095 3.6741519877910616 -3.1595279513597485 1.8255087785380226 -3.1707836802229283 -0.78932771853038242 0.26625816134306096 -0.63994345545768727
leaf_weight=22 21 22 23 24 49 20 20 35 20 28 26 24
leaf_count=22 21 22 23 24 49 20 20 35 20 28 26 24
internal_value=-1.79483e-09 -0.171765 -0.318886 0.0116952 0.263619 1.06337 -0.438051 0.669971 -1.403 -1.77691 -0.666422 0.348091
internal_weight=334 313 291 223 199 93 106 58 68 48 48 73
internal_count=334 313 291 223 199 93 106 58 68 48 48 73
is_linear=0
shrinkage=0.03


Tree=153
num_leaves=11
num_cat=0
split_feature=10 14 16 15 10 16 14 14 14 14
split_gain=154660 97929 104602 128187 105920 95846 91543.5 90324.8 66550.4 49058.8
threshold=13997.000000000002 831.59086800980356 1089.7298327516705 12624.54761904762 12440.500000000002 1136.7707033612398 1002.7899885876728 1064.209849742884 989.36179887363949 1118.8249247854692
decision_type=2 2 2 2 2 2 2 2 2 2
left_child=1 -1 7 4 5 9 -7 8 -3 -4
right_child=-2 2 3 -5 -6 6 -8 -9 -10 -11
leaf_value=1.721025126847354 2.018259458080415 -1.8406476159717726 0.34349404534872841 -1.8841604583016758 2.2671491498606544 -2.1447280664741992 -0.046594175913754629 -3.0756601063013078 0.39541185708045956 2.2159953775405881
leaf_weight=22 31 23 34 29 21 24 85 20 25 20
leaf_count=22 31 23 34 29 21 24 85 20 25 20
internal_value=1.57399e-09 -0.206489 -0.357397 -0.0303558 0.26182 0.00346458 -0.508569 -1.38181 -0.676033 1.03701
internal_weight=334 303 281 213 184 163 109 68 48 54
internal_count=334 303 281 213 184 163 109 68 48 54
is_linear=0
shrinkage=0.03


Tree=154
num_leaves=13
num_cat=0
split_feature=11 1 6 11 7 1 1 16 8 11 12 3
split_gain=152099 108605 119604 104531 101482 218724 79492.2 76537.7 54154.4 78701.6 63586.8 16452.5
threshold=14712.000000000002 4.5000000000000009 1.0000000180025095e-35 10095.500000000002 -0.12940952255126037 2.5000000000000004 5.5000000000000009 1199.6142882757679 0.68301270189221941 10515.500000000002 13084.000000000002 3.5000000000000004
decision_type=2 2 2 2 2 2 2 2 2 2 2 2
left_child=1 3 6 -1 8 7 -3 -6 9 -5 -10 -4
right_child=-2 2 11 4 5 -7 -8 -9 10 -11 -12 -13
leaf_value=-1.9511110134187497 2.5366565194129942 3.1211568416248667 -0.85030795612335197 0.12961593066492386 -0.83543710104797198 -2.9022019347277555 0.54069969994681222 1.7021114094257355 -1.0122809640459112 2.543420800209045 1.0545659116336277 0.26148419520129323
leaf_weight=38 20 22 25 31 23 33 21 20 37 20 21 23
leaf_count=38 20 22 25 31 23 33 21 20 37 20 21 23
internal_value=9.06383e-09 -0.16157 0.711831 -0.517981 -0.223608 -1.06507 1.86093 0.344818 0.363101 1.07621 -0.26394 -0.317574
internal_weight=334 314 91 223 185 76 43 43 109 51 58 48
internal_count=334 314 91 223 185 76 43 43 109 51 58 48
is_linear=0
shrinkage=0.03


Tree=155
num_leaves=8
num_cat=0
split_feature=13 12 0 16 15 10 0
split_gain=147428 87613.2 88336.8 159637 191508 187294 77404
threshold=13674.16666666667 8100.0000000000009 18.500000000000004 1410.0633071031 11998.97023809524 11345.000000000002 14.000000000000002
decision_type=2 2 2 2 2 2 2
left_child=1 -1 3 4 5 6 -3
right_child=-2 2 -4 -5 -6 -7 -8
leaf_value=-1.9887044744058089 2.433326381274632 -0.67905973373450967 -1.6596792634328206 2.2419106757640836 -2.545346158834604 2.5164663558536104 0.57788503351807596
leaf_weight=22 21 107 27 29 26 27 75
leaf_count=22 21 107 27 29 26 27 75
internal_value=7.59558e-09 -0.163258 -0.0252521 0.141905 -0.117244 0.184816 -0.161088
internal_weight=334 313 291 264 235 209 182
internal_count=334 313 291 264 235 209 182
is_linear=0
shrinkage=0.03


Tree=156
num_leaves=14
num_cat=0
split_feature=11 1 13 0 1 11 1 14 13 16 14 2 2
split_gain=139996 102416 148432 112113 87922.2 124556 75688.9 61214.8 86576.1 56152 36218.5 18104.4 15944
threshold=14712.000000000002 4.5000000000000009 8771.7083333333339 14.000000000000002 1.5000000000000002 13280.500000000002 5.5000000000000009 966.86562189006997 9836.8125000000018 1278.6030970158899 1047.3268462190576 17.500000000000004 16.500000000000004
decision_type=2 2 2 2 2 2 2 2 2 2 2 2 2
left_child=1 2 -1 12 9 7 -5 -6 -9 10 -4 -12 -3
right_child=-2 3 4 6 5 -7 -8 8 -10 -11 11 -13 -14
leaf_value=-2.5436540264316969 2.4336400079727172 0.17869007560941907 1.0882402392796107 3.0353849523717709 -1.7428888528347015 -2.83520498582295 0.51741410527910503 -0.69662641923535951 1.4373080059034482 1.8779618413107735 -1.088548811674118 0.18792789977788926 -0.92348050253731861
leaf_weight=28 20 27 21 22 20 21 21 44 28 21 20 20 21
leaf_count=28 20 27 21 22 20 21 21 44 28 21 20 20 21
internal_value=-1.54187e-09 -0.155009 -0.501114 0.69314 -0.207827 -0.750478 1.80568 -0.274616 0.133237 0.539973 0.0793545 -0.45031 -0.30351
internal_weight=334 314 223 91 195 113 43 92 72 82 61 40 48
internal_count=334 314 223 91 195 113 43 92 72 82 61 40 48
is_linear=0
shrinkage=0.03


Tree=157
num_leaves=8
num_cat=0
split_feature=13 14 13 0 12 15 15
split_gain=136855 86274.6 103586 119657 143960 129599 89368.5
threshold=13674.16666666667 831.59086800980356 8475.1458333333358 18.500000000000004 13472.500000000002 12146.97916666667 9880.6845238095248
decision_type=2 2 2 2 2 2 2
left_child=1 -1 -3 4 5 6 -4
right_child=-2 2 3 -5 -6 -7 -8
leaf_value=1.6541518729383295 2.3444522557939798 -2.2263429650016451 -0.27789616305020548 -2.1496437919139861 2.054498224812078 -2.4359393692016602 1.3287354850769044
leaf_weight=22 21 23 155 24 29 21 39
leaf_count=22 21 23 155 24 29 21 39
internal_value=-6.38095e-10 -0.157296 -0.294243 -0.128429 0.0703791 -0.197246 0.0450865
internal_weight=334 313 291 268 244 215 194
internal_count=334 313 291 268 244 215 194
is_linear=0
shrinkage=0.03


Tree=158
num_leaves=8
num_cat=0
split_feature=10 15 13 2 11 13 8
split_gain=132053 63568.5 117743 82534.8 84790.4 141343 100616
threshold=13997.000000000002 12716.699404761906 12123.750000000002 3.5000000000000004 9628.0000000000018 8771.7083333333339 0.93301270189221952
decision_type=2 2 2 2 2 2 2
left_child=1 2 3 -1 -5 -6 -7
right_child=-2 -3 -4 4 5 6 -8
leaf_value=1.1740078549459576 1.8649325161595498 -1.4779379469348537 1.8758209644831143 1.1823913227081297 -2.4938956961687655 -0.0078837245790397414 -2.2390169797624857
leaf_weight=32 31 31 26 25 32 136 21
leaf_count=32 31 31 26 25 32 136 21
internal_value=1.72256e-08 -0.190802 -0.044106 -0.247025 -0.459516 -0.676699 -0.306316
internal_weight=334 303 272 246 214 189 157
internal_count=334 303 272 246 214 189 157
is_linear=0
shrinkage=0.03


Tree=159
num_leaves=12
num_cat=0
split_feature=11 1 14 11 14 1 15 2 3 15 2
split_gain=126116 94156.7 110374 89024.8 99858.8 157596 77664.1 60518.9 94214.6 29555.4 21840.1
threshold=14712.000000000002 4.5000000000000009 1111.783549585849 10095.500000000002 1008.0883802752595 2.5000000000000004 8815.9047619047651 10.500000000000002 3.5000000000000004 10203.836309523811 17.500000000000004
decision_type=2 2 2 2 2 2 2 2 2 2 2
left_child=1 3 6 -1 5 -5 -3 -6 10 -8 -9
right_child=-2 2 -4 4 7 -7 9 8 -10 -11 -12
leaf_value=-1.8015492649141112 2.3098448553085325 1.6291315712928771 2.462598353676174 0.22073207582196883 -0.8193915707924786 -2.914327632056342 -1.3720861897261245 0.82737454414367673 2.2787149295210836 0.11805211143493652 -0.29325381731986994
leaf_weight=38 20 20 23 31 34 27 23 24 24 25 45
leaf_count=38 20 20 23 31 34 27 23 24 24 25 45
internal_value=-1.53116e-09 -0.147124 0.666107 -0.47898 -0.207318 -1.23869 0.0584699 0.263704 0.659674 -0.595972 0.09653
internal_weight=334 314 91 223 185 58 68 127 93 48 69
internal_count=334 314 91 223 185 58 68 127 93 48 69
is_linear=0
shrinkage=0.03


Tree=160
num_leaves=10
num_cat=0
split_feature=13 14 2 11 0 14 10 0 10
split_gain=123196 80442.4 103126 96576 124440 132733 303807 178826 87371.7
threshold=13674.16666666667 831.59086800980356 27.500000000000004 10123.000000000002 18.500000000000004 1106.373425572752 11188.500000000002 17.500000000000004 9109.0000000000018
decision_type=2 2 2 2 2 2 2 2 2
left_child=1 -1 3 8 5 7 -7 -5 -3
right_child=-2 2 -4 4 -6 6 -8 -9 -10
leaf_value=1.5999097954143175 2.2243781661987305 -2.3047245203215501 -1.8088531140599931 0.70461604421788993 -1.9240409306117465 0.19174320978276871 4.344980890647224 -2.0001211047172545 -0.047647068067030472
leaf_weight=22 21 29 35 66 21 51 23 33 33
leaf_count=22 21 29 35 66 21 51 23 33 33
internal_value=2.29139e-09 -0.149239 -0.281478 -0.0726566 0.256749 0.521469 1.48261 -0.196963 -1.10338
internal_weight=334 313 291 256 194 173 74 99 62
internal_count=334 313 291 256 194 173 74 99 62
is_linear=0
shrinkage=0.03


Tree=161
num_leaves=11
num_cat=0
split_feature=10 12 6 14 3 16 12 10 12 16
split_gain=118194 71431.8 100520 106140 85430.5 60956.4 115141 54626.2 50500.9 45591.7
threshold=13933.500000000002 8100.0000000000009 -0.9159756150367534 1113.3453269621975 4.5000000000000009 1096.3218380864141 10425.500000000002 9485.5000000000018 14240.000000000002 1205.9387962278968
decision_type=2 2 2 2 2 2 2 2 2 2
left_child=1 -1 3 4 -3 6 -4 -7 9 -9
right_child=-2 2 5 -5 -6 7 -8 8 -10 -11
leaf_value=-1.8355612186952071 1.6763602781295777 -0.97595502237478882 -3.1406931050419806 2.1541463880000578 1.1055215214320593 1.189084988073869 -0.028327158015707263 -0.17910682139396666 0.80440189050591504 -1.5576762927833356
leaf_weight=22 34 36 20 31 35 22 23 50 23 38
leaf_count=22 34 36 20 31 35 22 23 50 23 38
internal_value=-1.77743e-09 -0.189988 -0.0597622 0.689582 0.050125 -0.494042 -1.47594 -0.176586 -0.447259 -0.774398
internal_weight=334 300 278 102 71 176 43 133 111 88
internal_count=334 300 278 102 71 176 43 133 111 88
is_linear=0
shrinkage=0.03


Tree=162
num_leaves=8
num_cat=0
split_feature=13 12 0 16 15 10 0
split_gain=114955 69533.7 78592.5 106571 173886 157199 64047.7
threshold=13622.708333333334 8100.0000000000009 18.500000000000004 1410.0633071031 11998.97023809524 11345.000000000002 14.000000000000002
decision_type=2 2 2 2 2 2 2
left_child=1 -1 3 4 5 6 -3
right_child=-2 2 -4 -5 -6 -7 -8
leaf_value=-1.7804943804307416 2.0002645576000213 -0.59177433247878175 -1.5715054792828029 1.8774311910356793 -2.4999132415652272 2.3324182042810651 0.55159439744949335
leaf_weight=22 24 107 27 28 24 27 75
leaf_count=22 24 107 27 28 24 27 75
internal_value=-4.87188e-09 -0.154859 -0.0306787 0.128717 -0.0814288 0.196292 -0.120606
internal_weight=334 310 288 261 233 209 182
internal_count=334 310 288 261 233 209 182
is_linear=0
shrinkage=0.03


Tree=163
num_leaves=11
num_cat=0
split_feature=10 14 16 2 14 14 16 10 12 12
split_gain=110785 79273 79108.7 80503.5 72046.8 65565.3 63480.4 178359 48182.8 43779.7
threshold=13997.000000000002 831.59086800980356 1089.7298327516705 27.500000000000004 1064.209849742884 989.36179887363949 1294.5984759989112 11990.500000000002 11592.000000000002 13472.500000000002
decision_type=2 2 2 2 2 2 2 2 2 2
left_child=1 -1 4 6 5 -3 7 8 -4 -8
right_child=-2 2 3 -5 -6 -7 9 -9 -10 -11
leaf_value=1.5594588290561329 1.7081612436233027 -1.7270418744501861 0.30541904532247116 -1.7446061793240633 -2.714204426407814 0.49240570421218866 -1.7780858568711713 3.1012955467700953 -1.297625350534916 0.13692293167114256
leaf_weight=22 31 23 108 22 20 25 22 20 20 21
leaf_count=22 31 23 108 22 20 25 22 20 20 21
internal_value=4.02599e-09 -0.174762 -0.310538 -0.0261276 -1.20141 -0.57108 0.171812 0.466613 0.0549434 -0.842849
internal_weight=334 303 281 213 68 48 191 148 128 43
internal_count=334 303 281 213 68 48 191 148 128 43
is_linear=0
shrinkage=0.03


Tree=164
num_leaves=10
num_cat=0
split_feature=13 14 14 12 2 15 2 12 15
split_gain=107258 71897.9 134315 72353.5 80029.2 124970 100332 107380 67702.2
threshold=13674.16666666667 1236.1237868981814 1188.2579467552139 8100.0000000000009 12.500000000000002 12423.086309523811 2.5000000000000004 9032.5000000000018 10203.836309523811
decision_type=2 2 2 2 2 2 2 2 2
left_child=1 2 3 -1 6 8 -5 -8 -6
right_child=-2 -3 -4 4 5 -7 7 -9 -10
leaf_value=-1.7216332951459017 2.0755147579738069 1.5562140314706734 -2.4616022568163665 1.2621524895940508 0.52834505131750387 -1.5658355284549972 0.76726062280791141 -1.7363890641824951 2.248522733908433
leaf_weight=22 21 21 23 21 99 22 21 58 26
leaf_count=22 21 21 23 21 99 22 21 58 26
internal_value=-1.93938e-09 -0.139252 -0.261186 -0.0730463 0.0737914 0.519179 -0.580929 -1.07086 0.886142
internal_weight=334 313 292 269 247 147 100 79 125
internal_count=334 313 292 269 247 147 100 79 125
is_linear=0
shrinkage=0.03


Tree=165
num_leaves=9
num_cat=0
split_feature=11 13 10 14 11 13 13 16
split_gain=103031 85843.9 130557 161410 69801.1 97155.3 62612 40409.5
threshold=14712.000000000002 13301.187500000002 11990.500000000002 969.50839000891744 9628.0000000000018 8771.7083333333339 10957.312500000002 1211.9358213555868
decision_type=2 2 2 2 2 2 2 2
left_child=1 2 4 -4 -1 -6 7 -7
right_child=-2 -3 3 -5 5 6 -8 -9
leaf_value=1.2082622171401978 2.087770002365112 -1.9401170760935 -0.66476499966212677 2.7416470116953695 -1.937974464823218 -0.16176062194413915 -1.4944616029092241 1.1788667964935302
leaf_weight=25 20 22 21 31 34 129 28 24
leaf_count=25 20 22 21 31 34 129 28 24
internal_value=-4.87723e-09 -0.132979 0.00317525 1.36598 -0.292099 -0.46656 -0.190162 0.0485339
internal_weight=334 314 292 52 240 215 181 153
internal_count=334 314 292 52 240 215 181 153
is_linear=0
shrinkage=0.03


Tree=166
num_leaves=9
num_cat=0
split_feature=13 14 0 12 2 5 14 16
split_gain=100986 71489.1 97720.3 140146 109677 112254 101156 51429.3
threshold=13674.16666666667 831.59086800980356 18.500000000000004 13472.500000000002 4.5000000000000009 1.0000000180025095e-35 1033.766660400225 1089.7298327516705
decision_type=2 2 2 2 2 2 2 2
left_child=1 -1 3 4 -3 7 -7 -6
right_child=-2 2 -4 -5 5 6 -8 -9
leaf_value=1.5138183307105844 2.0139115783146448 1.2991076816618443 -2.0934332156181337 1.8740412245947737 -1.1198344148397446 -3.4113907514299666 -0.67742858574308196 0.12763463847596068
leaf_weight=22 21 32 24 29 40 21 29 116
leaf_count=22 21 32 24 29 40 21 29 116
internal_value=-8.15905e-09 -0.135119 -0.259781 -0.0949579 -0.334878 -0.588701 -1.82569 -0.192229
internal_weight=334 313 291 267 238 206 50 156
internal_count=334 313 291 267 238 206 50 156
is_linear=0
shrinkage=0.03


Tree=167
num_leaves=12
num_cat=0
split_feature=10 1 6 1 0 10 11 11 2 2 2
split_gain=95415.2 64921.2 100359 73540.4 171518 72038 65780.8 73938.3 65639.8 62545.4 22926.4
threshold=13933.500000000002 4.5000000000000009 -0.9159756150367534 1.5000000000000002 17.500000000000004 11872.500000000002 10123.000000000002 11359.500000000002 15.500000000000002 16.500000000000004 18.500000000000004
decision_type=2 2 2 2 2 2 2 2 2 2 2
left_child=1 3 -3 5 6 9 -5 -8 -6 -1 -4
right_child=-2 2 10 4 8 -7 7 -9 -10 -11 -12
leaf_value=-1.3263395253132129 1.5061840607138242 1.8251807455583053 0.24942211723327637 -1.5825601444244386 -1.227978294789791 1.7014550110426816 1.4275065463589085 -0.66169090700149535 -3.5200909946275791 0.52363398821730367 -1.0256043973023241
leaf_weight=29 34 33 30 20 22 22 31 30 23 38 22
leaf_count=29 34 33 30 20 22 22 31 30 23 38 22
internal_value=7.43095e-09 -0.170701 0.53118 -0.448189 -0.914499 0.21198 -0.0894966 0.400032 -2.3995 -0.277101 -0.290012
internal_weight=334 300 85 215 126 89 81 61 45 67 52
internal_count=334 300 85 215 126 89 81 61 45 67 52
is_linear=0
shrinkage=0.03


Tree=168
num_leaves=10
num_cat=0
split_feature=13 14 0 10 14 13 13 16 16
split_gain=93464.2 67055.8 93462.2 127469 188390 59565.7 62552.5 50211.8 41585
threshold=13674.16666666667 831.59086800980356 18.500000000000004 11188.500000000002 1111.783549585849 8475.1458333333358 10196.687500000002 1226.9915430752378 1012.4017882411559
decision_type=2 2 2 2 2 2 2 2 2
left_child=1 -1 3 5 7 -3 8 -5 -7
right_child=-2 2 -4 4 -6 6 -8 -9 -10
leaf_value=1.4670009928399865 1.9374615478515622 -1.9117851199274476 -2.0439820355176925 -1.3767778619527815 2.8618713855743407 -1.2549255895614624 -1.8237919507707869 0.74903055649995798 0.1281641935790313
leaf_weight=22 21 23 24 20 29 23 21 20 131
leaf_count=22 21 23 24 20 29 23 21 20 131
internal_value=4.91604e-09 -0.129989 -0.250724 -0.0895324 1.02086 -0.476487 -0.287848 -0.313874 -0.0784012
internal_weight=334 313 291 267 69 198 175 40 154
internal_count=334 313 291 267 69 198 175 40 154
is_linear=0
shrinkage=0.03


Tree=169
num_leaves=10
num_cat=0
split_feature=11 13 10 14 11 13 12 5 11
split_gain=89529.4 89692.2 116085 150107 67044.8 83649.6 70687.3 44028.7 26137.8
threshold=14712.000000000002 13301.187500000002 11990.500000000002 969.50839000891744 9628.0000000000018 8771.7083333333339 11592.000000000002 1.0000000180025095e-35 11895.000000000002
decision_type=2 2 2 2 2 2 2 2 2
left_child=1 2 4 -4 -1 -6 7 -7 -8
right_child=-2 -3 3 -5 5 6 8 -9 -10
leaf_value=1.2072233358621598 1.9461699256896974 -1.9711591919985683 -0.65808203969682966 2.626896662954842 -1.7995162479316487 0.43381716167161227 -0.54296667282397937 -0.96209582633972157 -1.9659782745156968
leaf_weight=25 20 22 21 31 34 109 26 25 21
leaf_count=25 20 22 21 31 34 109 26 25 21
internal_value=-3.95171e-09 -0.12396 0.0152127 1.30027 -0.263217 -0.434198 -0.177729 0.173386 -1.17878
internal_weight=334 314 292 52 240 215 181 134 47
internal_count=334 314 292 52 240 215 181 134 47
is_linear=0
shrinkage=0.03


Tree=170
num_leaves=14
num_cat=0
split_feature=11 1 0 1 1 14 12 11 12 3 2 2 2
split_gain=84238.2 74264.9 93217.6 74452.1 70515.2 119388 154903 69402.2 58639.1 58033 51367.2 15067.3 13489.2
threshold=14712.000000000002 4.5000000000000009 14.000000000000002 5.5000000000000009 1.5000000000000002 1008.0883802752595 12190.000000000002 10279.000000000002 9209.0000000000018 3.5000000000000004 19.500000000000004 16.500000000000004 13.500000000000002
decision_type=2 2 2 2 2 2 2 2 2 2 2 2 2
left_child=1 4 11 -4 7 6 -6 -1 -7 12 -10 -3 -9
right_child=-2 2 3 -5 5 8 -8 9 10 -11 -12 -13 -14
leaf_value=-1.2481656929579648 1.8877848329544067 0.16196294784545898 2.8360762101953676 0.33876383372715541 -4.0034070886884408 0.73200886835070211 -0.31432187139987944 -0.52613238179683686 -1.6633716386364352 1.8794106543436646 0.16433950881958007 -0.90947837829589839 0.5101839925234134
leaf_weight=22 20 27 22 21 21 34 20 20 31 24 25 21 26
leaf_count=22 20 27 22 21 21 34 20 20 31 24 25 21 26
internal_value=-1.13044e-08 -0.120241 0.601996 1.61646 -0.414966 -0.862028 -2.20385 0.221612 -0.250753 0.683543 -0.847429 -0.306793 0.0596117
internal_weight=334 314 91 43 223 131 41 92 90 70 56 48 46
internal_count=334 314 91 43 223 131 41 92 90 70 56 48 46
is_linear=0
shrinkage=0.03


Tree=171
num_leaves=9
num_cat=0
split_feature=13 13 10 11 13 12 1 1
split_gain=86090.2 63781.5 166292 60993.6 77978.8 57935 88046.5 58193.5
threshold=13622.708333333334 12563.47916666667 11990.500000000002 9628.0000000000018 8660.2291666666679 11592.000000000002 3.5000000000000004 2.5000000000000004
decision_type=2 2 2 2 2 2 2 2
left_child=1 2 3 -1 -5 6 -6 -7
right_child=-2 -3 -4 4 5 7 -8 -9
leaf_value=1.1543378711342811 1.7310118937492369 -1.2683458280563356 2.0249688007614828 -2.147668249607086 0.5932709010298719 -2.3702298744320869 -0.9564917993545532 -0.19913075065612793
leaf_weight=25 24 39 33 21 97 20 50 25
leaf_count=25 24 39 33 21 97 20 50 25
internal_value=9.86421e-09 -0.134014 0.0292295 -0.247491 -0.412024 -0.222188 0.0661407 -1.16406
internal_weight=334 310 271 238 213 192 147 45
internal_count=334 310 271 238 213 192 147 45
is_linear=0
shrinkage=0.03


Tree=172
num_leaves=8
num_cat=0
split_feature=13 14 7 12 15 10 14
split_gain=81333.6 62253.7 93984.4 121918 107159 132985 63993.5
threshold=13674.16666666667 831.59086800980356 1.0000000180025095e-35 13472.500000000002 12146.97916666667 11345.000000000002 994.93336081656605
decision_type=2 2 2 2 2 2 2
left_child=1 -1 3 4 5 6 -3
right_child=-2 2 -4 -5 -6 -7 -8
leaf_value=1.4174850407513704 1.8073634965079171 -1.3688444488698785 -2.0358525323867798 1.7605388364709658 -2.3460138484409878 2.004335677996278 -0.066732104563673067
leaf_weight=22 21 44 24 29 21 24 149
leaf_count=22 21 44 24 29 21 24 149
internal_value=-1.21917e-08 -0.121261 -0.237592 -0.0759507 -0.299725 -0.101697 -0.363587
internal_weight=334 313 291 267 238 217 193
internal_count=334 313 291 267 238 217 193
is_linear=0
shrinkage=0.03


Tree=173
num_leaves=12
num_cat=0
split_feature=10 2 1 6 0 1 11 16 10 2 11
split_gain=80688 69284.1 54531.8 97854.9 96760.1 293658 111989 51986.4 44134.7 26296.5 18050.7
threshold=13142.000000000002 19.500000000000004 4.5000000000000009 -0.9159756150367534 17.500000000000004 2.5000000000000004 10123.000000000002 1152.017535524212 10710.500000000002 18.500000000000004 10515.500000000002
decision_type=2 2 2 2 2 2 2 2 2 2 2
left_child=2 -2 4 -4 6 -6 -1 10 -9 -5 -8
right_child=1 -3 3 9 5 -7 7 8 -10 -11 -12
leaf_value=-1.4157074173721107 0.14811380600929258 2.3646132477847011 1.7141283121975985 0.20268245662961687 0.39149217255413532 -3.6649834444605069 0.73220952272415163 -1.0259965334773065 0.69404570102691643 -1.2016821224348886 1.9525307575464248
leaf_weight=37 30 22 33 28 36 29 24 25 29 21 20
leaf_count=37 30 22 33 28 36 29 24 25 29 21 20
internal_value=1.11304e-08 1.08586 -0.20023 0.451293 -0.467355 -1.41832 -0.00948236 0.521439 -0.10227 -0.399188 1.2869
internal_weight=334 52 282 82 200 65 135 98 54 49 44
internal_count=334 52 282 82 200 65 135 98 54 49 44
is_linear=0
shrinkage=0.03


Tree=174
num_leaves=11
num_cat=0
split_feature=2 11 16 6 14 3 2 1 3 16
split_gain=78876.1 159277 53784.1 97773.6 43707.2 86562.3 72716.6 70263.1 48800.6 94069.9
threshold=27.500000000000004 14262.000000000002 1089.7298327516705 -0.9159756150367534 1104.4129105960658 4.5000000000000009 17.500000000000004 3.5000000000000004 3.5000000000000004 1149.7927858950925
decision_type=2 2 2 2 2 2 2 2 2 2
left_child=1 2 3 -1 5 8 7 -6 9 -4
right_child=-2 -3 4 -5 6 -7 -8 -9 -10 -11
leaf_value=0.44454526638162545 -1.2866929187272722 2.4077563322507416 -1.4431810208342291 -1.9431112926656551 0.5240098271022241 1.3622453041076659 -0.42452736349666814 2.7075511687142506 -1.9394613075256346 0.73314350916789128
leaf_weight=29 38 26 33 33 36 25 34 21 20 39
leaf_count=29 38 26 33 33 36 25 34 21 20 39
internal_value=4.11968e-09 0.165184 -0.0507679 -0.826304 0.180402 -0.203124 0.673505 1.32847 -0.628496 -0.264339
internal_weight=334 296 270 62 208 117 91 57 92 72
internal_count=334 296 270 62 208 117 91 57 92 72
is_linear=0
shrinkage=0.03


Tree=175
num_leaves=11
num_cat=0
split_feature=2 11 16 6 16 16 2 12 13 12
split_gain=74214.6 149863 50605.5 91995.1 36074.8 68284.9 66772.9 79307.5 53082.2 33098.5
threshold=27.500000000000004 14262.000000000002 1089.7298327516705 -0.9159756150367534 1132.3026285124622 1149.7927858950925 11.500000000000002 13084.000000000002 10957.312500000002 9883.5000000000018
decision_type=2 2 2 2 2 2 2 2 2 2
left_child=1 2 3 -1 9 -6 8 -8 -7 -4
right_child=-2 -3 4 -5 5 6 7 -9 -10 -11
leaf_value=0.43120890189861427 -1.2480921228308426 2.3355236104818489 1.5608539720518249 -1.8848179372874172 -1.5603466402966044 0.30988157438820801 0.1958165843863236 2.3524619919913157 -1.5385732703738741 0.024936757502348524
leaf_weight=29 38 26 28 33 23 29 57 21 27 23
leaf_count=29 38 26 28 33 23 29 57 21 27 23
internal_value=-6.46193e-09 0.160228 -0.0492449 -0.801515 0.17499 -0.0501888 0.209017 0.776452 -0.581338 0.868185
internal_weight=334 296 270 62 208 157 134 78 56 51
internal_count=334 296 270 62 208 157 134 78 56 51
is_linear=0
shrinkage=0.03


Tree=176
num_leaves=11
num_cat=0
split_feature=2 10 6 14 0 16 10 16 13 13
split_gain=69828.5 123561 64020.4 127997 179525 87749.8 43496.6 35986.1 29647 36628.7
threshold=27.500000000000004 13933.500000000002 -0.9159756150367534 1113.3453269621975 17.500000000000004 1096.3218380864141 9485.5000000000018 1145.7776368161433 11818.270833333334 10384.250000000002
decision_type=2 2 2 2 2 2 2 2 2 2
left_child=1 2 3 4 -1 -4 -7 -6 9 -8
right_child=-2 -3 5 -5 7 6 8 -9 -10 -11
leaf_value=1.4744595227522008 -1.2106493116679944 1.9805648765563961 -1.7154921262650875 2.1028407187387348 -2.3733517146259544 1.232762806892395 -0.12822324390594775 -0.63337297688359806 0.37421073713818109 -1.6178051233291626
leaf_weight=34 38 30 37 32 20 20 39 23 37 24
leaf_count=34 38 30 37 32 20 20 39 23 37 24
internal_value=5.19042e-09 0.155421 -0.0504221 0.508146 -0.154584 -0.438218 -0.0443915 -1.44267 -0.299822 -0.695683
internal_weight=334 296 266 109 77 157 120 43 100 63
internal_count=334 296 266 109 77 157 120 43 100 63
is_linear=0
shrinkage=0.03


Tree=177
num_leaves=14
num_cat=0
split_feature=1 14 2 13 12 11 11 13 2 14 2 12 12
split_gain=67733.3 123763 99066.2 97814.1 65544.6 139173 104979 77844.7 49371.2 39984.5 35397.1 58657.4 27811.3
threshold=4.5000000000000009 1111.783549585849 8.5000000000000018 8771.7083333333339 11860.000000000002 12910.500000000002 13780.000000000002 11818.270833333334 18.500000000000004 1177.8892775797633 16.500000000000004 9209.0000000000018 9032.5000000000018
decision_type=2 2 2 2 2 2 2 2 2 2 2 2 2
left_child=3 2 -2 -1 5 9 7 -6 -4 10 12 -12 -5
right_child=1 -3 8 4 6 -7 -8 -9 -10 -11 11 -13 -14
leaf_value=-1.9384199595451355 -1.6412695065411653 2.486347023010254 1.8379989311911842 0.41693468928337096 -1.0334120443889072 2.642305573940277 -2.5149425047094174 1.417131715580821 -0.061122961980955938 -1.2858651067614555 -0.47145443623716182 1.5540268725733601 -1.0710854948483981
leaf_weight=28 22 25 22 20 28 20 22 20 28 20 22 31 26
leaf_count=28 22 25 22 20 28 20 22 20 28 20 22 31 26
internal_value=-3.60572e-09 0.667786 0.0363417 -0.273313 -0.0502369 0.326778 -0.798881 -0.0123521 0.774491 -0.0623865 0.184781 0.713261 -0.42412
internal_weight=334 97 72 237 209 139 70 48 50 119 99 53 46
internal_count=334 97 72 237 209 139 70 48 50 119 99 53 46
is_linear=0
shrinkage=0.03


Tree=178
num_leaves=11
num_cat=0
split_feature=2 11 16 0 14 3 2 1 3 16
split_gain=66560.3 134460 44417.2 80219 36434.8 79041.8 68965.8 62073.7 46386.2 84324.9
threshold=27.500000000000004 14262.000000000002 1089.7298327516705 14.000000000000002 1104.4129105960658 4.5000000000000009 17.500000000000004 3.5000000000000004 3.5000000000000004 1149.7927858950925
decision_type=2 2 2 2 2 2 2 2 2 2
left_child=1 2 3 -1 5 8 7 -6 9 -4
right_child=-2 -3 4 -5 6 -7 -8 -9 -10 -11
leaf_value=-1.8305562361594168 -1.181978952884674 2.2122154316535361 -1.3543187635595149 0.32765484625293362 0.49533892880581937 1.3090587375640867 -0.45572186077342314 2.547689677647182 -1.8713641633987426 0.7061983568851764
leaf_weight=31 38 26 33 31 36 25 34 21 20 39
leaf_count=31 38 26 33 31 36 25 34 21 20 39
internal_value=3.65198e-09 0.151741 -0.0466756 -0.751451 0.163402 -0.186766 0.613617 1.25147 -0.59324 -0.238205
internal_weight=334 296 270 62 208 117 91 57 92 72
internal_count=334 296 270 62 208 117 91 57 92 72
is_linear=0
shrinkage=0.03


Tree=179
num_leaves=8
num_cat=0
split_feature=13 14 7 12 2 8 13
split_gain=64210.6 62819.1 93556 107699 95101.1 109845 97059.6
threshold=13674.16666666667 831.59086800980356 1.0000000180025095e-35 13472.500000000002 4.5000000000000009 0.93301270189221952 9097.9791666666679
decision_type=2 2 2 2 2 2 2
left_child=1 -1 3 4 -3 6 -6
right_child=-2 2 -4 -5 5 -7 -8
leaf_value=1.4379739825292066 1.6058832931518554 1.2478933055698871 -2.0187589150667189 1.6627522063049778 -1.0311890277629945 -2.4640711187279742 0.3581185795174967
leaf_weight=22 21 32 24 29 82 23 101
leaf_count=22 21 32 24 29 82 23 101
internal_value=9.26727e-09 -0.107743 -0.224601 -0.0633287 -0.273649 -0.510006 -0.264413
internal_weight=334 313 291 267 238 206 183
internal_count=334 313 291 267 238 206 183
is_linear=0
shrinkage=0.03


Tree=180
num_leaves=11
num_cat=0
split_feature=2 11 16 6 16 16 2 12 6 12
split_gain=61163.2 124142 40514.2 76175.5 36270.5 60842.2 60707.1 73570.4 31872.7 29284.7
threshold=27.500000000000004 14262.000000000002 1089.7298327516705 -0.9159756150367534 1132.3026285124622 1149.7927858950925 11.500000000000002 13084.000000000002 -0.98296291314453399 9883.5000000000018
decision_type=2 2 2 2 2 2 2 2 2 2
left_child=1 2 3 -1 9 -6 8 -8 -7 -4
right_child=-2 -3 4 -5 5 6 7 -9 -10 -11
leaf_value=0.40344520864815547 -1.1330448001309443 2.1253017073411207 1.5020574877943311 -1.7040608349713411 -1.4958299856600554 0.38094987568259236 0.15613421013480738 2.2333085986546108 -1.1127338905632496 0.057335955992988914
leaf_weight=29 38 26 28 33 23 20 57 21 36 23
leaf_count=29 38 26 28 33 23 20 57 21 36 23
internal_value=1.38126e-09 0.145458 -0.0451931 -0.718292 0.155442 -0.0703464 0.174326 0.715373 -0.579275 0.850516
internal_weight=334 296 270 62 208 157 134 78 56 51
internal_count=334 296 270 62 208 157 134 78 56 51
is_linear=0
shrinkage=0.03


Tree=181
num_leaves=13
num_cat=0
split_feature=1 14 13 15 12 1 11 10 16 12 16 14
split_gain=62548.3 109280 88818.7 82494.4 63619.7 135531 104953 202390 100514 40508.1 40433.3 33204.9
threshold=4.5000000000000009 1111.783549585849 8771.7083333333339 8815.9047619047651 11860.000000000002 3.5000000000000004 13780.000000000002 12063.500000000002 1207.924263657352 9584.0000000000018 1152.017535524212 1113.3453269621975
decision_type=2 2 2 2 2 2 2 2 2 2 2 2
left_child=2 3 -1 -2 5 8 7 -6 9 -4 -5 -11
right_child=1 -3 4 10 6 -7 -8 -9 -10 11 -12 -13
leaf_value=-1.8493391009739468 1.6857650170326233 2.3505634780883784 -0.44639507284531221 -1.4849715077877044 -1.6475917124748229 -1.7824027360003927 -2.5034930966117162 2.3037278849780556 2.4674877303838727 0.1699599952697754 0.19309066108294895 1.6850395857251208
leaf_weight=28 20 25 39 24 28 23 22 20 24 30 28 23
leaf_count=28 20 25 39 24 28 23 22 20 24 30 28 23
internal_value=4.50247e-09 0.641718 -0.262644 0.0483684 -0.0500723 0.321365 -0.787641 -0.00120855 0.738491 0.287449 -0.5814 0.827447
internal_weight=334 97 237 72 209 139 70 48 116 92 52 53
internal_count=334 97 237 72 209 139 70 48 116 92 52 53
is_linear=0
shrinkage=0.03


Tree=182
num_leaves=11
num_cat=0
split_feature=1 14 2 13 8 10 13 14 13 2
split_gain=58851.7 102822 91764.8 83569.5 62311.8 110664 78172.8 59182.3 83722.7 48190
threshold=4.5000000000000009 1111.783549585849 8.5000000000000018 8771.7083333333339 0.93301270189221952 12985.000000000002 10644.125000000002 1177.8892775797633 9745.7916666666697 18.500000000000004
decision_type=2 2 2 2 2 2 2 2 2 2
left_child=3 2 -2 -1 5 6 7 8 -5 -4
right_child=1 -3 9 4 -6 -7 -8 -9 -10 -11
leaf_value=-1.7938589113099233 -1.5676891227201981 2.2800465774536134 1.8080529043891211 0.045286900043487545 -1.1300677570929893 2.0873987245559693 -1.5358601326601846 -1.2598605878949165 2.1142909041694971 -0.068212818247931337
leaf_weight=28 22 25 22 75 39 24 28 20 23 28
leaf_count=28 22 25 22 75 39 24 28 20 23 28
internal_value=-3.30859e-09 0.622466 0.0469173 -0.254765 -0.0485701 0.199538 -0.110795 0.227356 0.530869 0.757344
internal_weight=334 97 72 237 209 170 146 118 98 50
internal_count=334 97 72 237 209 170 146 118 98 50
is_linear=0
shrinkage=0.03


Tree=183
num_leaves=12
num_cat=0
split_feature=2 11 16 0 16 16 2 2 13 11 13
split_gain=58214.5 113374 34243 72330.7 35203 53946.5 42714.8 80338.7 49242.7 23028.8 12096.2
threshold=27.500000000000004 14262.000000000002 1089.7298327516705 14.000000000000002 1132.3026285124622 1158.8416705534582 11.500000000000002 17.500000000000004 10957.312500000002 10166.000000000002 9436.8541666666697
decision_type=2 2 2 2 2 2 2 2 2 2 2
left_child=1 2 3 -1 9 10 8 -8 -7 -4 -6
right_child=-2 -3 4 -5 5 6 7 -9 -10 -11 -12
leaf_value=-1.6837780279305674 -1.1053952870870891 2.0339319177774282 0.066994372946875436 0.36557480473672188 -0.50765553706884381 0.56141443992438522 1.8257174268364906 -0.22701519901688033 -1.3620261291503906 1.3622977883815766 -1.5510444286465643
leaf_weight=31 38 26 21 31 20 23 32 37 25 30 20
leaf_count=31 38 26 21 31 20 23 32 37 25 30 20
internal_value=-1.83365e-09 0.141909 -0.040286 -0.659102 0.144169 -0.0782721 0.246883 0.724977 -0.440378 0.828938 -1.02935
internal_weight=334 296 270 62 208 157 117 69 48 51 40
internal_count=334 296 270 62 208 157 117 69 48 51 40
is_linear=0
shrinkage=0.03


Tree=184
num_leaves=13
num_cat=0
split_feature=12 0 12 11 13 16 2 16 2 11 12 1
split_gain=55481.6 64621.1 134736 203756 105626 90445.4 78769 97127.8 54024.3 48648.3 92167.9 30119.6
threshold=8100.0000000000009 14.000000000000002 12342.000000000002 13852.500000000002 13276.125000000002 1339.5841869854858 24.500000000000004 1089.7298327516705 17.500000000000004 12102.500000000002 8934.0000000000018 3.5000000000000004
decision_type=2 2 2 2 2 2 2 2 2 2 2 2
left_child=-1 4 3 9 5 6 7 -2 -9 10 11 -3
right_child=1 2 -4 -5 -6 -7 -8 8 -10 -11 -12 -13
leaf_value=-1.456091248772361 -2.3949001358449458 -0.32894770390681316 -1.3078446905953542 3.7665031299591063 -2.3468544902801511 1.7995807252611431 1.0419920169896093 0.353921875333786 -1.4300411256876859 -0.83608697210039407 2.5451006659716366 1.1160506000518797
leaf_weight=22 24 37 28 20 20 21 29 50 22 21 20 20
leaf_count=22 24 37 28 20 20 21 29 50 22 21 20 20
internal_value=-8.05332e-09 0.102673 0.563045 1.00698 -0.302232 -0.0221469 -0.328197 -0.742108 -0.191178 0.443818 0.792883 0.178069
internal_weight=334 312 146 118 166 146 125 96 72 98 77 57
internal_count=334 312 146 118 166 146 125 96 72 98 77 57
is_linear=0
shrinkage=0.03


Tree=185
num_leaves=11
num_cat=0
split_feature=2 11 1 14 11 0 1 13 12 11
split_gain=55831 103084 26092.3 75087.3 63320.5 55893.5 127407 50363.4 73129.9 40689.5
threshold=27.500000000000004 14262.000000000002 4.5000000000000009 1097.9498314933219 10095.500000000002 17.500000000000004 2.5000000000000004 9374.5833333333339 12056.500000000002 10000.000000000002
decision_type=2 2 2 2 2 2 2 2 2 2
left_child=1 2 4 9 -1 7 -7 -6 -9 -4
right_child=-2 -3 3 -5 5 6 -8 8 -10 -11
leaf_value=-1.3796553247996739 -1.0825299979824767 1.943099122414222 0.90211232868107882 1.9596625246320452 1.4642779344320296 0.57187780837802327 -2.1608402347990445 -1.2487114359855653 0.87570901434762127 -0.71908224181125036
leaf_weight=35 38 26 22 21 32 34 28 25 35 38
leaf_count=35 38 26 22 21 32 34 28 25 35 38
internal_value=7.08296e-09 0.138973 -0.0347572 0.415732 -0.227824 0.0339561 -0.662253 0.50314 -0.00946617 -0.124644
internal_weight=334 296 270 81 189 154 62 92 60 60
internal_count=334 296 270 81 189 154 62 92 60 60
is_linear=0
shrinkage=0.03


Tree=186
num_leaves=10
num_cat=0
split_feature=16 12 11 2 12 15 11 13 16
split_gain=53864.9 92445.5 112098 82175 79447.4 166206 66238.7 97572.6 41634.2
threshold=1610.8633989293483 12302.500000000002 13280.500000000002 4.5000000000000009 14067.000000000002 12267.866071428574 9628.0000000000018 8771.7083333333339 1211.9358213555868
decision_type=2 2 2 2 2 2 2 2 2
left_child=1 2 3 -1 5 -3 -5 -8 -9
right_child=-2 4 -4 6 -6 -7 7 8 -10
leaf_value=1.3787766149640084 1.3692290091514587 0.2676368637084961 2.3153920519351958 1.2109801948070527 0.47641802716255183 -3.3700205100499665 -1.9937773095407794 -0.3648873872192282 1.0343470262444536
leaf_weight=32 24 20 20 24 20 26 31 114 23
leaf_count=32 24 20 20 24 20 26 31 114 23
internal_value=3.09444e-09 -0.106005 0.163434 -0.0287049 -1.10211 -1.78843 -0.263285 -0.473895 -0.129979
internal_weight=334 310 244 224 66 46 192 168 137
internal_count=334 310 244 224 66 46 192 168 137
is_linear=0
shrinkage=0.03


Tree=187
num_leaves=11
num_cat=0
split_feature=2 11 10 11 11 0 1 14 3 0
split_gain=52108.1 96602.1 34854.7 109664 71776.6 63327.3 55736 71492.7 49959.3 34099.3
threshold=27.500000000000004 14262.000000000002 10885.000000000002 11895.000000000002 10779.000000000002 14.000000000000002 1.5000000000000002 1008.0883802752595 8.0000000000000018 17.500000000000004
decision_type=2 2 2 2 2 2 2 2 2 2
left_child=1 2 4 -4 5 8 -5 -8 -1 -7
right_child=-2 -3 3 6 -6 9 7 -9 -10 -11
leaf_value=0.28293635097416964 -1.0458148374212415 1.880741047492394 2.0846852649175203 0.99533926048278809 -1.4283572462888863 1.3859175909266752 -1.9774311285433561 0.26227428600705899 -1.3226019484287983 -0.091022189483046523
leaf_weight=33 38 26 26 25 39 34 23 29 37 24
leaf_count=33 38 26 26 25 39 34 23 29 37 24
internal_value=1.7346e-09 0.13426 -0.0339196 0.4001 -0.301609 0.0416976 -0.168721 -0.728365 -0.565705 0.77477
internal_weight=334 296 270 103 167 128 77 52 70 58
internal_count=334 296 270 103 167 128 77 52 70 58
is_linear=0
shrinkage=0.03


Tree=188
num_leaves=11
num_cat=0
split_feature=1 6 8 13 8 10 13 13 12 13
split_gain=50665.8 73008.4 104137 69779.9 57866.1 92629.7 74627.8 50447.1 37103.9 23230.5
threshold=4.5000000000000009 1.0000000180025095e-35 0.68301270189221941 8771.7083333333339 0.93301270189221952 12985.000000000002 10644.125000000002 9895.1875000000018 10059.500000000002 9274.6250000000018
decision_type=2 2 2 2 2 2 2 2 2 2
left_child=3 2 -2 -1 5 6 7 8 -5 -3
right_child=1 9 -4 4 -6 -7 -8 -9 -10 -11
leaf_value=-1.6427755430766513 -0.078287972160007643 0.494331054006304 2.692932186126709 -0.65183947628858141 -1.0901706746908335 1.9183262753486634 -1.4851749954904827 1.4339801033735273 0.54834465988657688 -0.83606153964996333
leaf_weight=28 23 21 26 49 39 24 28 25 44 27
leaf_count=28 23 21 26 49 39 24 28 25 44 27
internal_value=-1.03594e-08 0.577556 1.39216 -0.236384 -0.0479674 0.191126 -0.092797 0.237598 -0.0840104 -0.254015
internal_weight=334 97 49 237 209 170 146 118 93 48
internal_count=334 97 49 237 209 170 146 118 93 48
is_linear=0
shrinkage=0.03


Tree=189
num_leaves=10
num_cat=0
split_feature=14 14 12 12 10 12 0 14 14
split_gain=53013.7 98181 82905.4 213346 82208.5 120014 36914.9 86691.1 53528.2
threshold=831.59086800980356 908.90575444660965 13472.500000000002 12302.500000000002 11188.500000000002 10759.500000000002 17.500000000000004 1062.8683286848604 1084.073202057079
decision_type=2 2 2 2 2 2 2 2 2
left_child=-1 -2 3 4 6 -6 7 -3 -8
right_child=1 2 -4 -5 5 -7 8 -9 -10
leaf_value=1.4233378366990521 -2.0814094352722168 0.98423155778332772 1.4120672390801565 -2.7204817551832932 2.8789111882990053 -0.03829360389709472 -2.0481508852690458 -0.60201877437093676 -0.081266915012489657
leaf_weight=22 21 57 35 26 22 30 20 68 33
leaf_count=22 21 57 35 26 22 30 20 68 33
internal_value=-1.11946e-08 -0.100364 0.0425985 -0.144634 0.146549 1.19591 -0.160005 0.121311 -0.823487
internal_weight=334 312 291 256 230 52 178 125 53
internal_count=334 312 291 256 230 52 178 125 53
is_linear=0
shrinkage=0.03


Tree=190
num_leaves=8
num_cat=0
split_feature=14 14 12 12 11 2 14
split_gain=49880.6 92378.5 78005.7 200737 78643.2 84281.1 57566.7
threshold=831.59086800980356 908.90575444660965 13472.500000000002 12302.500000000002 12910.500000000002 4.5000000000000009 1159.3246417172079
decision_type=2 2 2 2 2 2 2
left_child=-1 -2 3 4 5 -3 -7
right_child=1 2 -4 -5 -6 6 -8
leaf_value=1.3806377480246803 -2.0189671679905481 1.4275166371773029 1.3697051803043911 -2.6388672593923714 1.602603485584259 -0.063460372350317373 -1.4913039746640189
leaf_weight=22 21 29 35 26 29 141 31
leaf_count=22 21 29 35 26 29 141 31
internal_value=1.01587e-09 -0.0973527 0.0413206 -0.140295 0.142153 -0.068559 -0.320804
internal_weight=334 312 291 256 230 201 172
internal_count=334 312 291 256 230 201 172
is_linear=0
shrinkage=0.03


Tree=191
num_leaves=12
num_cat=0
split_feature=12 6 12 15 10 12 12 11 10 11 15
split_gain=46064.5 51782.1 63579 202551 42679.4 33994.1 66158.6 68631 112171 64395 20196
threshold=8100.0000000000009 -0.9159756150367534 9346.5000000000018 12104.199404761906 9446.5000000000018 10283.500000000002 10891.500000000002 14095.500000000002 12063.500000000002 11895.000000000002 9556.961309523811
decision_type=2 2 2 2 2 2 2 2 2 2 2
left_child=-1 2 4 -4 -2 -3 -7 8 9 -8 -6
right_child=1 5 3 -5 10 6 7 -9 -10 -11 -12
leaf_value=-1.326774106459184 1.092050047274679 -1.085024969970638 3.6223724038260325 -0.45275503324425737 -0.96008421051091153 1.0660370718805412 -0.1391589929262797 -1.9278727054595945 1.3024921848376592 -2.1510447290965486 0.26152073757989069
leaf_weight=22 24 33 21 23 29 38 45 21 36 21 21
leaf_count=22 24 33 21 23 29 38 45 21 36 21 21
internal_value=4.37666e-09 0.0935546 0.589111 1.49219 0.0521445 -0.207867 -0.0280764 -0.366095 -0.0445527 -0.779304 -0.44701
internal_weight=334 312 118 44 74 194 161 123 102 66 50
internal_count=334 312 118 44 74 194 161 123 102 66 50
is_linear=0
shrinkage=0.03


Tree=192
num_leaves=8
num_cat=0
split_feature=13 13 13 11 15 11 14
split_gain=46770.2 82092.1 99847.8 82866.8 83564.3 56212.9 83872.1
threshold=13622.708333333334 12563.47916666667 11818.270833333334 12149.000000000002 10203.836309523811 9628.0000000000018 994.93336081656605
decision_type=2 2 2 2 2 2 2
left_child=1 2 3 4 5 -1 -7
right_child=-2 -3 -4 -5 -6 6 -8
leaf_value=1.1953929634094238 1.2758739924430846 -1.3856732296943663 1.9337699362635612 -1.6951150758449849 1.5964195475085028 -1.7965315853316206 -0.021730303349702256
leaf_weight=25 24 39 24 26 29 29 138
leaf_count=25 24 39 24 26 29 29 138
internal_value=-1.54187e-09 -0.0987773 0.0864217 -0.0930777 0.0953973 -0.13132 -0.329929
internal_weight=334 310 271 247 221 192 167
internal_count=334 310 271 247 221 192 167
is_linear=0
shrinkage=0.03


Tree=193
num_leaves=9
num_cat=0
split_feature=14 14 10 15 15 1 1 16
split_gain=44902.5 87655 72574.4 137302 101090 39949.8 65208.4 19317.1
threshold=831.59086800980356 908.90575444660965 13997.000000000002 12624.54761904762 11426.919642857145 4.5000000000000009 3.5000000000000004 1128.683145448377
decision_type=2 2 2 2 2 2 2 2
left_child=-1 -2 3 4 5 6 -3 -7
right_child=1 2 -4 -5 -6 7 -8 -9
leaf_value=1.309933532368053 -1.964209282738822 -0.034306787197406478 1.4401312217712401 -2.0640925484690169 1.927334320449829 0.012008438977328213 -1.6075687551498412 1.2198629296742953
leaf_weight=22 21 130 30 29 25 22 29 26
leaf_count=22 21 130 30 29 25 22 29 26
internal_value=-2.61261e-09 -0.0923671 0.0427143 -0.117908 0.125365 -0.0922645 -0.321254 0.666263
internal_weight=334 312 291 261 232 207 159 48
internal_count=334 312 291 261 232 207 159 48
is_linear=0
shrinkage=0.03


Tree=194
num_leaves=12
num_cat=0
split_feature=2 11 10 11 11 12 16 6 13 14 13
split_gain=44455.1 85853.6 27717.8 101229 64379.5 62679.8 76318.6 62770.5 53114.7 45276.5 36381.5
threshold=27.500000000000004 14262.000000000002 10885.000000000002 11895.000000000002 10779.000000000002 8671.0000000000018 1089.7298327516705 -0.98296291314453399 11946.85416666667 1019.0482068854443 9156.9166666666697
decision_type=2 2 2 2 2 2 2 2 2 2 2
left_child=1 2 4 -4 5 7 -7 -1 -5 -10 -8
right_child=-2 -3 3 8 -6 6 10 -9 9 -11 -12
leaf_value=-0.12661599295479911 -0.96596807956695552 1.7704645993159367 1.9710045871138573 -1.1038162526217374 -1.3403638672828673 -1.3895985764723557 1.1568071156969437 2.2217533049583436 -0.51877251761300214 1.4079113636846128 -0.50080874139612364
leaf_weight=21 38 26 26 33 39 39 26 20 21 23 22
leaf_count=21 38 26 26 33 39 39 26 20 21 23 22
internal_value=4.85046e-09 0.124009 -0.0345381 0.352504 -0.273253 0.0518826 -0.403852 1.01893 -0.194003 0.488358 0.397067
internal_weight=334 296 270 103 167 128 87 41 77 44 48
internal_count=334 296 270 103 167 128 87 41 77 44 48
is_linear=0
shrinkage=0.03


Tree=195
num_leaves=13
num_cat=0
split_feature=12 6 14 15 14 2 13 10 14 2 15 14
split_gain=42158.9 49546 87357.4 119256 58632 84076.6 43791 36100.2 46437.3 26345.3 18543.6 13471.4
threshold=8100.0000000000009 -0.9159756150367534 1111.783549585849 10991.720238095239 1177.8892775797633 24.500000000000004 9118.6041666666697 10795.000000000002 920.6984977274227 20.500000000000004 8815.9047619047651 1026.59259766636
decision_type=2 2 2 2 2 2 2 2 2 2 2 2
left_child=-1 2 3 6 5 7 -2 10 -9 -6 -3 -12
right_child=1 4 -4 -5 9 -7 -8 8 -10 -11 11 -13
leaf_value=-1.2692832860079679 0.097892474246876582 -0.038541097087519509 1.7359864410987267 -1.8180531082982603 -0.45876104378700255 1.4855720262527465 1.8307548073359896 1.4282424087524412 -0.34976498273702766 -1.9985912150144576 -1.6970975432395936 -0.64287181377410885
leaf_weight=22 35 21 39 23 20 30 21 20 39 20 20 24
leaf_count=22 35 21 39 23 20 30 21 20 39 20 20 24
internal_value=-8.98754e-09 0.0895007 0.57424 0.000719824 -0.205341 0.0604606 0.747716 -0.284324 0.252949 -1.22868 -0.772004 -1.12207
internal_weight=334 312 118 79 194 154 56 124 59 40 65 44
internal_count=334 312 118 79 194 154 56 124 59 40 65 44
is_linear=0
shrinkage=0.03


Tree=196
num_leaves=10
num_cat=0
split_feature=2 10 15 13 2 2 12 14 1
split_gain=42823 64766.1 64482.8 94789.9 53509.1 56386.4 101418 73842 30556.7
threshold=27.500000000000004 13933.500000000002 12716.699404761906 12123.750000000002 4.5000000000000009 11.500000000000002 9032.5000000000018 1159.3246417172079 2.5000000000000004
decision_type=2 2 2 2 2 2 2 2 2
left_child=1 2 3 4 8 6 -6 -7 -1
right_child=-2 -3 -4 -5 5 7 -8 -9 -10
leaf_value=0.046522547721862789 -0.94807046246371762 1.4430972232818602 -1.5105329245328902 1.9973427473415026 0.57045842546224601 0.3706640643732888 -2.1368893684040415 -1.6182607662677764 1.6667377433079209
leaf_weight=20 38 30 24 22 20 105 33 20 22
leaf_count=20 38 30 24 22 20 105 33 20 22
internal_value=4.40276e-09 0.121712 -0.0273167 0.119779 -0.0679772 -0.295245 -1.11525 0.0524361 0.895207
internal_weight=334 296 266 242 220 178 53 125 42
internal_count=334 296 266 242 220 178 53 125 42
is_linear=0
shrinkage=0.03


Tree=197
num_leaves=10
num_cat=0
split_feature=14 14 12 12 10 12 6 14 5
split_gain=41649.8 81791.3 69480.6 181347 66272.1 114279 34397.3 74049 62773.5
threshold=831.59086800980356 908.90575444660965 13472.500000000002 12302.500000000002 11188.500000000002 10759.500000000002 -0.98296291314453399 1062.8683286848604 1.0000000180025095e-35
decision_type=2 2 2 2 2 2 2 2 2
left_child=-1 -2 3 4 6 -6 8 -8 -3
right_child=1 2 -4 -5 5 -7 7 -9 -10
leaf_value=1.2615964352000844 -1.897108287811279 0.026648626435886728 1.2952233482428959 -2.5047150036004875 2.7230509289828211 -0.12359368610382081 0.93241714672038423 -0.53361699198098744 -2.1033304481506345
leaf_weight=22 21 33 35 26 22 30 57 68 20
leaf_count=22 21 33 35 26 22 30 57 68 20
internal_value=6.2799e-09 -0.0889587 0.0415263 -0.129878 0.138582 1.08076 -0.136659 0.134895 -0.777117
internal_weight=334 312 291 256 230 52 178 125 53
internal_count=334 312 291 256 230 52 178 125 53
is_linear=0
shrinkage=0.03


Tree=198
num_leaves=10
num_cat=0
split_feature=11 2 11 13 1 11 2 14 2
split_gain=41314 79407.3 84708.1 48005.7 47775 69451.2 83096.3 66587.8 28235.6
threshold=9628.0000000000018 27.500000000000004 14262.000000000002 8660.2291666666679 1.5000000000000002 12983.000000000002 3.5000000000000004 1047.3268462190576 14.500000000000002
decision_type=2 2 2 2 2 2 2 2 2
left_child=-1 2 3 -2 7 6 -6 -5 -9
right_child=1 -3 -4 4 5 -7 -8 8 -10
leaf_value=1.1730214679718018 -1.5078671085834503 -1.4857206466726283 1.7011063131919273 1.8801933508652906 1.7393420566831317 -1.7160339522957802 -0.31567630647030548 -0.79518720727752545 0.70813064746234722
leaf_weight=25 20 33 26 26 21 25 113 22 23
leaf_count=25 20 33 26 26 21 25 113 22 23
internal_value=7.59357e-09 -0.0949046 0.0713886 -0.0981021 0.0244862 -0.264441 0.00637881 0.67152 -0.0268247
internal_weight=334 309 276 250 230 159 134 71 45
internal_count=334 309 276 250 230 159 134 71 45
is_linear=0
shrinkage=0.03


Tree=199
num_leaves=9
num_cat=0
split_feature=13 13 11 13 11 15 11 13
split_gain=40002.9 72978.2 94290.2 89990.5 73563.9 78005.8 48296.9 59149.9
threshold=13674.16666666667 12563.47916666667 14048.000000000002 11818.270833333334 12149.000000000002 10229.250000000002 9628.0000000000018 8660.2291666666679
decision_type=2 2 2 2 2 2 2 2
left_child=1 3 -3 4 5 6 -1 -8
right_child=-2 2 -4 -5 -6 -7 7 -9
leaf_value=1.1378308101654053 1.2675247192382812 0.10664754266088658 -2.7394706933498378 1.8490869063138959 -1.58454916037046 1.7172575092315674 -1.7651487980570113 -0.065870774696204837
leaf_weight=25 21 22 20 24 26 24 21 151
leaf_count=25 21 22 20 24 26 24 21 151
internal_value=-7.50055e-09 -0.0850416 -1.24865 0.0952957 -0.0751131 0.102468 -0.0942581 -0.273341
internal_weight=334 313 42 271 247 221 197 172
internal_count=334 313 42 271 247 221 197 172
is_linear=0
shrinkage=0.03


Tree=200
num_leaves=13
num_cat=0
split_feature=16 12 16 12 16 12 11 14 12 12 3 11
split_gain=37719.3 76805.4 93090.3 126249 75337.6 135852 68809.2 76257.5 108344 48417.9 32629.2 21552.1
threshold=1610.8633989293483 12302.500000000002 1169.3253778592143 11402.500000000002 1211.9358213555868 13892.000000000002 9726.0000000000018 1004.6714886126217 9883.5000000000018 8743.5000000000018 2.5000000000000004 11399.000000000002
decision_type=2 2 2 2 2 2 2 2 2 2 2 2
left_child=1 2 6 11 -3 -6 -1 -8 9 -9 -10 -4
right_child=-2 4 3 -5 5 -7 7 8 10 -11 -12 -13
leaf_value=1.1547614171769884 1.1457894572243095 0.54050923919677729 0.81443529337644571 2.777178670692444 -3.1592026505470274 0.11385422434125628 -1.6475560471886082 0.15922581398809277 -0.40202893209457397 1.9913119862973689 -1.9861639120362022 -0.43225436485730684
leaf_weight=27 24 20 24 25 25 21 38 37 25 20 22 26
leaf_count=27 24 20 24 25 25 21 38 37 25 20 22 26
internal_value=-4.56939e-09 -0.0887063 0.156885 1.0365 -0.996651 -1.66498 -0.233475 -0.497436 -0.0771994 0.802063 -1.14354 0.166157
internal_weight=334 310 244 75 66 46 169 142 104 57 47 50
internal_count=334 310 244 75 66 46 169 142 104 57 47 50
is_linear=0
shrinkage=0.03


Tree=201
num_leaves=11
num_cat=0
split_feature=12 12 15 2 12 2 2 14 3 16
split_gain=36984.5 45297.3 100660 85383.4 194312 68179.2 93646.1 99982.9 45051.1 38076.3
threshold=8100.0000000000009 11917.000000000002 11961.199404761906 10.500000000000002 13472.500000000002 4.5000000000000009 11.500000000000002 1159.3246417172079 2.5000000000000004 1056.3846858627751
decision_type=2 2 2 2 2 2 2 2 2 2
left_child=-1 2 5 -3 -5 -2 8 9 -7 -8
right_child=1 3 -4 4 -6 6 7 -9 -10 -11
leaf_value=-1.1888407435200432 1.4875079213248357 -1.7835145472884177 2.1174216339111327 -1.3741289627552031 1.8387897258996964 -0.34736429407868696 1.8753997428076608 -1.4576536397571149 -2.225059874576071 0.42357565383116402
leaf_weight=22 27 30 25 36 32 23 21 23 23 72
leaf_count=22 27 30 25 36 32 23 21 23 23 72
internal_value=7.77961e-09 0.0838285 0.328445 -0.450335 0.137833 0.0918083 -0.140808 0.313404 -1.28621 0.751407
internal_weight=334 312 214 98 68 189 162 116 46 93
internal_count=334 312 214 98 68 189 162 116 46 93
is_linear=0
shrinkage=0.03


Tree=202
num_leaves=10
num_cat=0
split_feature=14 14 11 14 7 14 3 5 14
split_gain=37650.1 79497.6 62217.9 38240.3 115507 51645.9 115428 44624.8 40404.6
threshold=831.59086800980356 908.90575444660965 14262.000000000002 1008.0883802752595 -0.12940952255126037 1043.9312661273532 4.5000000000000009 1.0000000180025095e-35 964.49004599407829
decision_type=2 2 2 2 2 2 2 2 2
left_child=-1 -2 3 4 8 -5 7 -7 -3
right_child=1 2 -4 5 -6 6 -8 -9 -10
leaf_value=1.1994918277046898 -1.8671960122244697 1.1926092032790183 1.3379369640350343 1.3021931538411549 -2.3905654560029506 0.015364898393087299 -1.7409819928292305 1.3802239340543747 -0.63314538359642025
leaf_weight=22 21 20 30 28 24 107 31 27 24
leaf_count=22 21 20 30 28 24 107 31 27 24
internal_value=-1.89628e-08 -0.0845796 0.0440629 -0.104658 -0.716425 0.110886 -0.0912749 0.290374 0.196743
internal_weight=334 312 291 261 68 193 165 134 44
internal_count=334 312 291 261 68 193 165 134 44
is_linear=0
shrinkage=0.03


Tree=203
num_leaves=12
num_cat=0
split_feature=2 11 16 12 16 2 2 12 12 16 10
split_gain=36823.7 71001.2 28663.1 39825.6 72811.6 104756 58954.2 61317.9 87459.4 34351.4 34021.7
threshold=27.500000000000004 14262.000000000002 1012.4017882411559 10091.000000000002 1136.7707033612398 15.500000000000002 12.500000000000002 13084.000000000002 11642.500000000002 1163.2426010992701 11799.000000000002
decision_type=2 2 2 2 2 2 2 2 2 2 2
left_child=1 2 -1 4 5 -4 10 8 -8 -6 -5
right_child=-2 -3 3 6 9 -7 7 -9 -10 -11 -12
leaf_value=-1.0691228732195768 -0.87915598662276018 1.6101460361480713 3.0042070956230162 -1.5509888597329458 -1.2293303220612661 0.23648220576345919 0.73737828642981385 1.5483143073320389 -1.5596624449583201 0.38846149080329473 -0.14223051945368448
leaf_weight=22 38 26 20 36 21 32 35 24 26 27 27
leaf_count=22 38 26 20 36 21 32 35 24 26 27 27
internal_value=-2.75716e-09 0.112865 -0.031318 0.0607453 0.523241 1.30099 -0.251752 0.263724 -0.241688 -0.319322 -0.947235
internal_weight=334 296 270 248 100 52 148 85 61 48 63
internal_count=334 296 270 248 100 52 148 85 61 48 63
is_linear=0
shrinkage=0.03


Tree=204
num_leaves=10
num_cat=0
split_feature=14 14 12 12 10 12 6 14 5
split_gain=35683.5 74334.7 57208.1 156391 56512.7 110364 31395.3 65051.5 56123.6
threshold=831.59086800980356 908.90575444660965 13472.500000000002 12302.500000000002 11188.500000000002 10759.500000000002 -0.98296291314453399 1062.8683286848604 1.0000000180025095e-35
decision_type=2 2 2 2 2 2 2 2 2
left_child=-1 -2 3 4 6 -6 8 -8 -3
right_child=1 2 -4 -5 5 -7 7 -9 -10
leaf_value=1.1677441536296498 -1.8061005776269095 0.029787843901325356 1.1796538518560784 -2.3188646727341871 2.6197859352285211 -0.17767499542236329 0.88859381098496282 -0.48548921627156871 -1.9842138032913206
leaf_weight=22 21 33 35 26 22 30 57 68 20
leaf_count=22 21 33 35 26 22 30 57 68 20
internal_value=1.97261e-08 -0.0823409 0.0420541 -0.113477 0.135828 1.00587 -0.118341 0.141093 -0.730213
internal_weight=334 312 291 256 230 52 178 125 53
internal_count=334 312 291 256 230 52 178 125 53
is_linear=0
shrinkage=0.03


Tree=205
num_leaves=10
num_cat=0
split_feature=11 2 11 13 1 11 2 2 10
split_gain=34408.4 70314.9 70661.9 41387.5 45262.5 67425.5 74420.1 33120.6 11141.8
threshold=9628.0000000000018 27.500000000000004 14262.000000000002 8660.2291666666679 1.5000000000000002 12983.000000000002 3.5000000000000004 12.500000000000002 10766.500000000002
decision_type=2 2 2 2 2 2 2 2 2
left_child=-1 2 3 -2 7 6 -6 -5 -9
right_child=1 -3 -4 4 5 -7 -8 8 -10
leaf_value=1.0705066932678222 -1.3939138920307159 -1.3953804670680652 1.5583522081375121 -0.077335455957199289 1.6545083689689635 -1.6825983089447021 -0.29026898104532628 0.72841188597679141 1.7297923536300659
leaf_weight=25 20 33 26 31 21 25 113 20 20
leaf_count=25 20 33 26 31 21 25 113 20 20
internal_value=9.38572e-10 -0.0866106 0.0698728 -0.0849291 0.0288957 -0.252331 0.0145096 0.658686 1.2291
internal_weight=334 309 276 250 230 159 134 71 40
internal_count=334 309 276 250 230 159 134 71 40
is_linear=0
shrinkage=0.03


Tree=206
num_leaves=11
num_cat=0
split_feature=14 14 9 11 15 13 0 14 12 15
split_gain=33099.3 78492 81517.9 116827 77187.3 52407.6 47613.3 36977 34204.4 30518.5
threshold=841.20495209990247 966.86562189006997 1.0000000180025095e-35 14262.000000000002 11998.97023809524 9745.7916666666697 14.000000000000002 1144.213824699493 10059.500000000002 9121.5654761904789
decision_type=2 2 2 2 2 2 2 2 2 2
left_child=-1 6 3 -3 5 7 -2 9 -7 -4
right_child=1 2 4 -5 -6 8 -8 -9 -10 -11
leaf_value=1.04994597530365 -0.16453682184219359 -0.16741925550543743 0.36497454725407263 2.9274753407069616 -1.7503275365414825 1.7993612531369383 -1.9510798437842007 -1.2874999663233757 0.24198991680145263 -0.68095996706109296
leaf_weight=25 25 23 74 21 23 22 29 24 30 38
leaf_count=25 25 23 74 21 23 22 29 24 30 38
internal_value=8.78544e-09 -0.0849471 0.135083 1.30969 -0.109859 0.0908366 -1.12398 -0.218885 0.900878 0.0101039
internal_weight=334 309 255 44 211 188 54 136 52 112
internal_count=334 309 255 44 211 188 54 136 52 112
is_linear=0
shrinkage=0.03


Tree=207
num_leaves=13
num_cat=0
split_feature=1 14 2 2 15 10 14 14 1 2 6 12
split_gain=33128 83790.1 82528.6 47472.9 35844.5 76982.3 52943.3 40270.7 62619.2 33147.3 23779 23448.1
threshold=4.5000000000000009 1111.783549585849 8.5000000000000018 18.500000000000004 12883.380952380954 12440.500000000002 994.93336081656605 1159.3246417172079 2.5000000000000004 16.500000000000004 1.0000000180025095e-35 9107.0000000000018
decision_type=2 2 2 2 2 2 2 2 2 2 2 2
left_child=4 2 -2 -4 5 6 -1 9 -9 10 -8 -11
right_child=1 -3 3 -5 -6 -7 7 8 -10 11 -12 -13
leaf_value=-1.3234121676286061 -1.5837373641404238 1.963350521850586 1.6640468319979582 -0.19820626463208879 -1.160274766921997 1.3022423627972601 0.41523390574888747 -2.0228466262221332 0.35112212669849396 0.054417453191497107 -0.9502305495738983 1.3350393732132451
leaf_weight=36 22 25 22 28 30 32 22 20 20 22 24 31
leaf_count=36 22 25 22 28 30 32 22 20 20 22 24 31
internal_value=-6.6386e-09 0.467019 -0.0525412 0.621185 -0.191143 -0.0506887 -0.298082 -0.0325286 -0.835862 0.292051 -0.297182 0.80346
internal_weight=334 97 72 50 237 207 175 139 40 99 46 53
internal_count=334 97 72 50 237 207 175 139 40 99 46 53
is_linear=0
shrinkage=0.03


Tree=208
num_leaves=12
num_cat=0
split_feature=11 2 16 2 11 2 6 2 12 2 12
split_gain=32347.8 64447.3 65978.3 110016 120905 89546 83894.7 100179 55605.6 96367 35429.7
threshold=9628.0000000000018 27.500000000000004 1158.8416705534582 4.5000000000000009 14262.000000000002 4.5000000000000009 -0.98296291314453399 16.500000000000004 13472.500000000002 17.500000000000004 10809.500000000002
decision_type=2 2 2 2 2 2 2 2 2 2 2
left_child=-1 2 5 -4 8 -2 -7 -8 9 -5 -9
right_child=1 -3 3 4 -6 6 7 10 -10 -11 -12
leaf_value=1.0379580837249756 1.3061690433647322 -1.3369509905034846 -1.3211814253032206 0.74108291757457401 2.8573614717566445 -2.2067605896790821 -1.4218805496509257 1.3139527079037259 1.8249105463027955 -1.6735821710314069 -0.33927145671844483
leaf_weight=25 23 33 24 51 23 27 39 28 20 21 20
leaf_count=25 23 33 24 51 23 27 39 28 20 21 20
internal_value=1.51778e-09 -0.0839772 0.0658349 0.526325 0.911892 -0.401378 -0.745883 -0.292507 0.425524 0.0368056 0.625109
internal_weight=334 309 276 139 115 137 114 87 92 72 48
internal_count=334 309 276 139 115 137 114 87 92 72 48
is_linear=0
shrinkage=0.03


Tree=209
num_leaves=11
num_cat=0
split_feature=14 14 2 9 0 15 13 1 14 2
split_gain=31687 71220.9 77108 71800.5 108202 74414.4 50229.3 47551.1 33947 34720.6
threshold=841.20495209990247 966.86562189006997 13.500000000000002 1.0000000180025095e-35 17.500000000000004 11998.97023809524 9745.7916666666697 2.5000000000000004 1144.213824699493 21.500000000000004
decision_type=2 2 2 2 2 2 2 2 2 2
left_child=-1 2 -2 4 -3 6 8 -8 9 -5
right_child=1 3 -4 5 -6 -7 7 -9 -10 -11
leaf_value=1.0273015056610106 -2.293814931383729 -0.40083501470088956 -0.020294528665213748 -0.35369429838500521 2.5869242453575136 -1.7141358506161233 0.078769591162944672 1.9053555859690126 -1.2334590503573417 0.77731408516565959
leaf_weight=25 25 20 29 76 24 23 29 23 24 36
leaf_count=25 25 20 29 76 24 23 29 23 24 36
internal_value=-4.27628e-10 -0.083115 -1.07285 0.126476 1.22885 -0.103403 0.0936544 0.886683 -0.209562 0.00984411
internal_weight=334 309 54 255 44 211 188 52 136 112
internal_count=334 309 54 255 44 211 188 52 136 112
is_linear=0
shrinkage=0.03


Tree=210
num_leaves=10
num_cat=0
split_feature=11 13 14 1 11 12 12 15 15
split_gain=30259.7 59013.7 45433.5 70620.5 127860 63963.4 169841 91048.8 41832.3
threshold=9628.0000000000018 8660.2291666666679 966.86562189006997 2.5000000000000004 12069.000000000002 13472.500000000002 11917.000000000002 11961.199404761906 8901.1279761904789
decision_type=2 2 2 2 2 2 2 2 2
left_child=-1 -2 3 -3 -5 6 7 8 -4
right_child=1 2 5 4 -6 -7 -8 -9 -10
leaf_value=1.0038985450744629 -1.6165630865097045 0.77856610822677619 0.94979836193628087 0.1908657646179199 -3.123399152755737 1.5435161097296353 -1.9292495242032135 2.3262979080677031 -0.1674855906302386
leaf_weight=25 21 20 43 22 20 29 33 20 101
leaf_count=25 21 20 43 22 20 29 33 20 101
internal_value=2.08259e-09 -0.0812216 0.0307304 -0.688671 -1.38736 0.228088 0.0344467 0.429581 0.166148
internal_weight=334 309 288 62 42 226 197 164 144
internal_count=334 309 288 62 42 226 197 164 144
is_linear=0
shrinkage=0.03


Tree=211
num_leaves=12
num_cat=0
split_feature=1 0 2 13 13 10 16 13 16 2 13
split_gain=30254.3 60660.2 101672 50379.2 61035.7 90961.7 65956.5 46587 34733.3 34432.3 19673.7
threshold=4.5000000000000009 14.000000000000002 13.500000000000002 9000.9375000000018 12784.60416666667 12440.500000000002 1138.4220989383873 10644.125000000002 1167.3052342014792 22.500000000000004 9274.6250000000018
decision_type=2 2 2 2 2 2 2 2 2 2 2
left_child=3 10 -3 9 5 6 -5 8 -8 -1 -2
right_child=1 2 -4 4 -6 -7 7 -9 -10 -11 -12
leaf_value=-1.591205437047915 0.37698788097926544 -0.38912469863891602 2.372288773400443 1.0870413716902603 -1.0297960652531803 2.1611636025565009 -0.83093596544265746 -1.4884683675032395 0.62465123973786829 -0.05899948206814852 -0.84732675764295795
leaf_weight=33 21 21 28 37 37 21 25 26 36 22 27
leaf_count=33 21 21 28 37 37 21 25 26 36 22 27
internal_value=5.78201e-09 0.446303 1.18883 -0.182664 0.0577823 0.335302 0.0260839 -0.425128 0.0280991 -0.978323 -0.311689
internal_weight=334 97 49 237 182 145 124 87 61 55 48
internal_count=334 97 49 237 182 145 124 87 61 55 48
is_linear=0
shrinkage=0.03


Tree=212
num_leaves=11
num_cat=0
split_feature=14 2 14 16 6 3 2 13 16 2
split_gain=31210.2 290456 59757.3 67623.7 85951.4 129594 65510.6 79704.3 44635.4 12320.1
threshold=1177.8892775797633 15.500000000000002 1150.6382900229667 1512.6763204309889 -0.98296291314453399 2.5000000000000004 11.500000000000002 8810.4375000000018 1149.7927858950925 5.5000000000000009
decision_type=2 2 2 2 2 2 2 2 2 2
left_child=2 -2 3 4 5 -1 9 -8 -9 -6
right_child=1 -3 -4 -5 6 -7 7 8 -10 -11
leaf_value=-0.024037138796769653 1.964459746505903 -2.4006520656277153 1.67001405443464 1.595532651381059 -0.15098510742187499 -2.8258969062566757 2.0683570437961154 -0.50783539399868094 0.90985552751100973 -0.98386102276463661
leaf_weight=39 23 34 21 22 33 24 27 41 39 31
leaf_count=39 23 34 21 22 33 24 27 41 39 31
internal_value=-7.18736e-09 -0.639291 0.131551 0.00534882 -0.144156 -1.09141 0.204834 0.65896 0.183289 -0.554409
internal_weight=334 57 277 256 234 63 171 107 80 64
internal_count=334 57 277 256 234 63 171 107 80 64
is_linear=0
shrinkage=0.03


Tree=213
num_leaves=10
num_cat=0
split_feature=14 14 1 15 15 14 1 14 13
split_gain=30313.4 66644.2 49030.7 76292.3 98834.5 55181.8 46971.6 65824 31448.6
threshold=831.59086800980356 908.90575444660965 4.5000000000000009 12624.54761904762 11426.919642857145 1111.783549585849 3.5000000000000004 1043.9312661273532 8900.6250000000018
decision_type=2 2 2 2 2 2 2 2 2
left_child=-1 -2 3 4 6 8 7 -3 -4
right_child=1 2 5 -5 -6 -7 -8 -9 -10
leaf_value=1.0762946332584729 -1.7080496828896659 0.99017237901687627 1.0169718718528746 -1.5107385011152787 1.7326320915751987 1.8597997146606446 -1.3222339996798285 -0.45333522448189217 -0.55257476541731088
leaf_weight=22 21 42 20 33 27 25 29 88 27
leaf_count=22 21 42 20 33 27 25 29 88 27
internal_value=1.01085e-09 -0.0758926 0.041892 -0.18139 0.0544625 0.72104 -0.23051 0.0130288 0.115317
internal_weight=334 312 291 219 186 72 159 130 47
internal_count=334 312 291 219 186 72 159 130 47
is_linear=0
shrinkage=0.03


Tree=214
num_leaves=10
num_cat=0
split_feature=12 5 11 11 2 12 12 15 2
split_gain=29444.8 42856.1 141196 64428.5 52251.7 100666 90254.3 95580.2 49936.2
threshold=8100.0000000000009 1.0000000180025095e-35 12069.000000000002 10095.500000000002 4.5000000000000009 13472.500000000002 11860.000000000002 11239.898809523811 16.500000000000004
decision_type=2 2 2 2 2 2 2 2 2
left_child=-1 4 3 -3 -2 6 7 8 -6
right_child=1 2 -4 -5 5 -7 -8 -9 -10
leaf_value=-1.0607620427825233 -1.2345806490291249 0.38827211640097881 -1.0704480870564779 2.5412277213458356 -0.87760275821078493 1.7577915551927354 -1.548754162788391 2.0015351349966863 0.36746753590152365
leaf_weight=22 33 22 27 29 53 27 36 21 64
leaf_count=22 33 22 27 29 53 27 36 21 64
internal_value=5.53122e-09 0.0747973 0.683788 1.6125 -0.1282 0.053445 -0.211023 0.137951 -0.196539
internal_weight=334 312 78 51 234 201 174 138 117
internal_count=334 312 78 51 234 201 174 138 117
is_linear=0
shrinkage=0.03


Tree=215
num_leaves=11
num_cat=0
split_feature=14 2 14 16 6 14 2 13 16 2
split_gain=29687.2 273779 55863.5 61121.8 79267.8 95941.9 59938.2 73669.9 42396 11992.1
threshold=1177.8892775797633 15.500000000000002 1150.6382900229667 1512.6763204309889 -0.98296291314453399 1062.8683286848604 11.500000000000002 8810.4375000000018 1149.7927858950925 5.5000000000000009
decision_type=2 2 2 2 2 2 2 2 2 2
left_child=2 -2 3 4 5 -1 9 -8 -9 -6
right_child=1 -3 -4 -5 6 -7 7 8 -10 -11
leaf_value=-2.4421288193189179 1.9044002767231154 -2.3335473448739332 1.6157970414842879 1.5180848401243037 -0.12892685250802471 -0.064148918688297266 1.9886681213643815 -0.49720115522059 0.88446921531970679 -0.95064024186903429
leaf_weight=26 23 34 21 22 33 37 27 41 39 31
leaf_count=26 23 34 21 22 33 37 27 41 39 31
internal_value=-1.86041e-09 -0.623498 0.128301 0.00627994 -0.135856 -1.04554 0.19929 0.633674 0.176363 -0.526944
internal_weight=334 57 277 256 234 63 171 107 80 64
internal_count=334 57 277 256 234 63 171 107 80 64
is_linear=0
shrinkage=0.03


Tree=216
num_leaves=11
num_cat=0
split_feature=14 14 2 9 11 2 14 2 16 0
split_gain=28502.7 61813.7 65851 60761.9 105043 67097.5 47976.6 44031.6 58227.1 22398
threshold=841.20495209990247 966.86562189006997 7.5000000000000009 1.0000000180025095e-35 14262.000000000002 4.5000000000000009 1177.8892775797633 20.500000000000004 1158.8416705534582 17.500000000000004
decision_type=2 2 2 2 2 2 2 2 2 2
left_child=-1 2 -2 4 -3 -5 7 8 -7 -9
right_child=1 3 -4 5 -6 6 -8 9 -10 -11
leaf_value=0.97431728897094727 -2.3141517850330899 -0.27009893541750701 -0.16516968813809479 1.3319869510944071 2.6645583452497212 -1.1302556686581304 -1.332443830425089 0.98710656349475578 0.39698556457574552 -0.22812634140253066
leaf_weight=25 21 23 33 26 21 53 33 39 39 21
leaf_count=25 21 23 33 26 21 53 33 39 39 21
internal_value=-4.56136e-09 -0.0788283 -1.00088 0.116431 1.13053 -0.0950407 -0.295596 -0.0704909 -0.482838 0.561775
internal_weight=334 309 54 255 44 211 185 152 92 60
internal_count=334 309 54 255 44 211 185 152 92 60
is_linear=0
shrinkage=0.03


Tree=217
num_leaves=12
num_cat=0
split_feature=2 10 2 14 6 11 6 16 10 14 14
split_gain=28030.6 45727.5 83747.4 130221 96529.5 53876.1 56922.1 73272.9 33614.1 24042.1 22712.9
threshold=27.500000000000004 10885.000000000002 21.500000000000004 1111.783549585849 -0.9159756150367534 10779.000000000002 -0.9159756150367534 1098.0178230692088 9582.5000000000018 1034.5360262653217 929.18898765242034
decision_type=2 2 2 2 2 2 2 2 2 2 2
left_child=1 5 3 4 -3 6 9 -8 -9 -1 -6
right_child=-2 2 -4 -5 10 -7 7 8 -10 -11 -12
leaf_value=0.16884622113458042 -0.76704029810075691 -2.3858257865905759 1.8264663928205316 1.6012163291736081 0.83694528579711913 -1.2054360742007311 -1.6584772736450719 1.1113755996660752 -0.58796491277217855 1.4012890753575733 -0.55992349050261747
leaf_weight=29 38 21 33 33 20 39 29 22 20 28 22
leaf_count=29 38 21 33 33 20 39 29 22 20 28 22
internal_value=-7.38009e-09 0.0984714 0.522727 0.0745665 -0.725107 -0.229247 0.0681856 -0.49866 0.302166 0.774257 0.105252
internal_weight=334 296 129 96 63 167 128 71 42 57 42
internal_count=334 296 129 96 63 167 128 71 42 57 42
is_linear=0
shrinkage=0.03


Tree=218
num_leaves=14
num_cat=0
split_feature=12 12 10 13 10 16 12 12 10 11 11 12 2
split_gain=26822.1 42568.8 103753 93091.7 156283 146222 50241.6 80249.2 87078.2 24786.7 31545.4 18311 9707.47
threshold=8100.0000000000009 10954.000000000002 11104.500000000002 12563.47916666667 12185.500000000002 1306.2868312471742 10283.500000000002 9209.0000000000018 9243.5000000000018 11895.000000000002 11075.000000000002 8631.0000000000018 17.500000000000004
decision_type=2 2 2 2 2 2 2 2 2 2 2 2 2
left_child=-1 2 6 4 9 -5 7 8 -2 10 -3 -10 -8
right_child=1 3 -4 5 -6 -7 12 -9 11 -11 -12 -13 -14
leaf_value=-1.0124197528579018 1.8012032605920518 -0.82226584651253443 2.0984032323625352 0.53196669101715088 2.4301782858890038 -2.5455598605762826 0.40546020126342769 -1.8625263454603112 0.04542886427470616 -1.3006642709459577 0.82395362652093174 -1.071603754734993 1.2921986949920654
leaf_weight=22 21 22 27 24 23 33 20 23 28 21 20 25 25
leaf_count=22 21 22 27 24 23 33 20 23 28 21 20 25 25
internal_value=2.83613e-09 0.0713886 0.393729 -0.309559 0.313597 -1.24976 0.0696003 -0.314752 0.166313 -0.459123 -0.0383518 -0.481473 0.898093
internal_weight=334 312 169 143 86 57 142 97 74 63 42 53 45
internal_count=334 312 169 143 86 57 142 97 74 63 42 53 45
is_linear=0
shrinkage=0.03


Tree=219
num_leaves=12
num_cat=0
split_feature=14 13 10 15 10 10 1 13 13 13 0
split_gain=27403.8 116448 50343.7 52684.1 34611.2 54917.3 132348 28243.3 46406.5 39564.5 17824.9
threshold=1177.8892775797633 12388.562500000002 14116.500000000002 12624.54761904762 8992.0000000000018 10030.000000000002 3.5000000000000004 10644.125000000002 11946.85416666667 9745.7916666666697 14.000000000000002
decision_type=2 2 2 2 2 2 2 2 2 2 2
left_child=2 -2 3 4 -1 6 10 9 -9 -7 -6
right_child=1 -3 -4 -5 5 7 -8 8 -10 -11 -12
leaf_value=1.1037152145648823 0.39788893594129665 -2.4433571470230819 1.5002008230035955 -1.4349524320874896 -0.13409078404307365 0.21527539391266673 -2.0359579707594477 -0.83648669981187385 0.99002179870648044 1.7172318018807304 0.96280393496155747
leaf_weight=29 37 20 22 21 30 38 34 31 21 27 24
leaf_count=29 37 20 22 21 30 38 34 31 21 27 24
internal_value=-1.33508e-09 -0.59904 0.123268 0.00447386 0.133653 -0.00357515 -0.56975 0.422266 -0.0988583 0.839165 0.353418
internal_weight=334 57 277 255 234 205 88 117 52 65 54
internal_count=334 57 277 255 234 205 88 117 52 65 54
is_linear=0
shrinkage=0.03


Tree=220
num_leaves=10
num_cat=0
split_feature=14 14 1 15 15 6 1 14 2
split_gain=27065 61243.6 46131.1 70468.7 88127.1 65465.3 43295.1 65872.8 33663.6
threshold=831.59086800980356 908.90575444660965 4.5000000000000009 12624.54761904762 11426.919642857145 -0.98296291314453399 3.5000000000000004 1043.9312661273532 13.500000000000002
decision_type=2 2 2 2 2 2 2 2 2
left_child=-1 -2 3 4 6 -4 7 -3 -7
right_child=1 2 5 -5 -6 8 -8 -9 -10
leaf_value=1.0169921675595368 -1.6363386167798721 0.99351938928876615 1.9402967376708986 -1.4529842896894976 1.6359536555078293 -0.8531592127255031 -1.2659286423387197 -0.4505231192962012 0.76177268083278948
leaf_weight=22 21 42 25 33 27 21 29 88 26
leaf_count=22 21 42 25 33 27 21 29 88 26
internal_value=-6.66671e-09 -0.071711 0.0412003 -0.175378 0.0512935 0.699961 -0.2178 0.0160137 0.0402074
internal_weight=334 312 291 219 186 72 159 130 47
internal_count=334 312 291 219 186 72 159 130 47
is_linear=0
shrinkage=0.03


Tree=221
num_leaves=10
num_cat=0
split_feature=11 13 2 2 1 15 16 11 16
split_gain=25520.1 54668.2 46194.5 60284.6 77112.3 101358 73181.3 54886.9 68181.9
threshold=9628.0000000000018 8660.2291666666679 27.500000000000004 25.500000000000004 1.5000000000000002 12883.380952380954 1163.2426010992701 12910.500000000002 1124.9541807734897
decision_type=2 2 2 2 2 2 2 2 2
left_child=-1 -2 3 4 7 6 -6 8 -3
right_child=1 2 -4 -5 5 -7 -8 -9 -10
leaf_value=0.92193149986267087 -1.552322701045445 1.6899068195479257 -1.0414834618940949 1.7489060953259468 -0.71920909740354699 -2.1831070020924441 0.66755484507200025 2.1693516240119934 -0.47234504782727782
leaf_weight=25 21 21 32 20 69 23 68 20 35
leaf_count=25 21 21 32 20 69 23 68 20 35
internal_value=4.83005e-09 -0.0745899 0.0331614 0.167492 0.0334739 -0.34027 -0.0308883 0.820303 0.338499
internal_weight=334 309 288 256 236 160 137 76 56
internal_count=334 309 288 256 236 160 137 76 56
is_linear=0
shrinkage=0.03


Tree=222
num_leaves=11
num_cat=0
split_feature=14 14 2 9 11 15 2 2 16 0
split_gain=25314.1 54134.9 63071.8 59306.6 99550.6 68182.7 49288.8 55403.3 51691.3 17690.3
threshold=841.20495209990247 966.86562189006997 7.5000000000000009 1.0000000180025095e-35 14262.000000000002 11998.97023809524 4.5000000000000009 22.500000000000004 1092.767029148926 14.000000000000002
decision_type=2 2 2 2 2 2 2 2 2 2
left_child=-1 2 -2 4 -3 6 -5 8 -8 -9
right_child=1 3 -4 5 -6 -7 7 9 -10 -11
leaf_value=0.91820248031616214 -2.2224305381093705 -0.25319831309111218 -0.11928531993519176 1.3006586938179454 2.603707515171596 -1.6422973052315091 -1.6794391834259033 1.2240720630117823 -0.13165817108647576 0.087274323918602681
leaf_weight=25 21 23 33 26 21 23 25 28 87 22
leaf_count=25 21 23 33 26 21 23 25 28 87 22
internal_value=6.60648e-09 -0.0742882 -0.937175 0.108441 1.11032 -0.100483 0.0881433 -0.106458 -0.477145 0.723881
internal_weight=334 309 54 255 44 211 188 162 112 50
internal_count=334 309 54 255 44 211 188 162 112 50
is_linear=0
shrinkage=0.03


Tree=223
num_leaves=14
num_cat=0
split_feature=14 2 14 12 15 14 12 14 10 15 14 1 3
split_gain=24877.1 251419 48111.8 55514.1 92325.2 64766.1 61698.5 99798.3 49822.5 109699 34508.1 30812.4 12475.8
threshold=1177.8892775797633 15.500000000000002 1150.6382900229667 11592.000000000002 12716.699404761906 898.02928702372367 10401.000000000002 1014.2114311933609 9786.0000000000018 8799.6458333333339 1043.9312661273532 2.5000000000000004 1.5000000000000002
decision_type=2 2 2 2 2 2 2 2 2 2 2 2 2
left_child=2 -2 3 6 5 -5 8 -8 9 10 -1 -7 -10
right_child=1 -3 -4 4 -6 11 7 -9 12 -11 -12 -13 -14
leaf_value=1.1653302305394952 1.8517162255618882 -2.2094864241515886 1.4978872047151839 -1.4641340346336364 -2.3506230844770157 -0.1823245213248513 2.8273828407526014 0.19708767800717739 0.1332459726333618 -2.1326913890471824 -0.5149654310670766 1.4242354803425925 1.138501140975952
leaf_weight=22 23 34 21 20 21 22 20 37 20 26 22 21 25
leaf_count=22 23 34 21 20 21 22 20 37 20 26 22 21 25
internal_value=1.36787e-08 -0.570756 0.117448 0.00420874 -0.627952 -0.0537282 0.312938 1.12 -0.0870826 -0.587742 0.325182 0.602275 0.691721
internal_weight=334 57 277 256 84 63 172 57 115 70 44 43 45
internal_count=334 57 277 256 84 63 172 57 115 70 44 43 45
is_linear=0
shrinkage=0.03


Tree=224
num_leaves=10
num_cat=0
split_feature=14 14 12 12 2 14 16 2 6
split_gain=24894.9 50489.7 62690.7 127522 78066.9 116445 100208 58913.1 41684
threshold=841.20495209990247 966.86562189006997 13472.500000000002 12302.500000000002 7.5000000000000009 1196.5216213785775 1241.4461336523839 7.5000000000000009 1.0000000180025095e-35
decision_type=2 2 2 2 2 2 2 2 2
left_child=-1 7 3 4 8 6 -6 -2 -3
right_child=1 2 -4 -5 5 -7 -8 -9 -10
leaf_value=0.91056759052276603 -2.1491602193457742 2.2547374752589633 1.4159296506026695 -2.2922212399755204 -0.22353496490354124 -2.2823832135200499 1.8073484992980955 -0.11653393745422364 0.38612586923620912
leaf_weight=25 21 21 29 21 115 20 27 33 22
leaf_count=25 21 21 29 21 115 20 27 33 22
internal_value=-1.79885e-09 -0.0736705 0.102799 -0.0656998 0.162383 -0.139233 0.162619 -0.907 1.2987
internal_weight=334 309 255 226 205 162 142 54 43
internal_count=334 309 255 226 205 162 142 54 43
is_linear=0
shrinkage=0.03


Tree=225
num_leaves=10
num_cat=0
split_feature=12 5 11 11 2 12 12 13 14
split_gain=24637 42003.6 121731 61307.9 45993.1 91524.9 76993.9 83135.4 37815.2
threshold=8100.0000000000009 1.0000000180025095e-35 12069.000000000002 10095.500000000002 4.5000000000000009 13472.500000000002 11860.000000000002 11215.770833333334 1152.9887807103089
decision_type=2 2 2 2 2 2 2 2 2
left_child=-1 4 3 -3 -2 6 7 8 -6
right_child=1 2 -4 -5 5 -7 -8 -9 -10
leaf_value=-0.97030372007326637 -1.170556847073815 0.33943460030989214 -0.95751396603054462 2.4396027408797165 0.049389811513271736 1.6629907809363469 -1.4498613016307353 1.7988159630515357 -1.3322929053685881
leaf_weight=22 33 22 27 29 94 27 36 22 22
leaf_count=22 33 22 27 29 94 27 36 22 22
internal_value=-1.22065e-09 0.0684189 0.671323 1.53365 -0.132549 0.0378701 -0.214304 0.108016 -0.212653
internal_weight=334 312 78 51 234 201 174 138 116
internal_count=334 312 78 51 234 201 174 138 116
is_linear=0
shrinkage=0.03


Tree=226
num_leaves=9
num_cat=0
split_feature=14 14 12 12 15 2 2 2
split_gain=23401.1 47347.6 55342.6 116441 92651.5 63939.4 54590 40415.7
threshold=841.20495209990247 966.86562189006997 13472.500000000002 11917.000000000002 11961.199404761906 4.5000000000000009 7.5000000000000009 22.500000000000004
decision_type=2 2 2 2 2 2 2 2
left_child=-1 6 3 4 5 -3 -2 -7
right_child=1 2 -4 -5 -6 7 -8 -9
leaf_value=0.88282721557617183 -2.0741251359667099 1.4362783154845236 1.3332395257620975 -1.7056581603397021 2.155926399707794 -0.55724194344706257 -0.11749861413782292 0.51889181089401237
leaf_weight=25 21 24 29 33 20 104 33 45
leaf_count=25 21 24 29 33 20 104 33 45
internal_value=6.46996e-09 -0.0714261 0.0994643 -0.058852 0.222726 -0.000765035 -0.878409 -0.232235
internal_weight=334 309 255 226 193 173 54 149
internal_count=334 309 255 226 193 173 54 149
is_linear=0
shrinkage=0.03


Tree=227
num_leaves=11
num_cat=0
split_feature=12 5 11 11 2 12 12 16 15 2
split_gain=23365.4 38447.9 115796 57746.3 44085.2 82012 68606.2 121573 68047.7 43199.2
threshold=8100.0000000000009 1.0000000180025095e-35 12069.000000000002 10095.500000000002 4.5000000000000009 13472.500000000002 11860.000000000002 1169.3253778592143 9880.6845238095248 24.500000000000004
decision_type=2 2 2 2 2 2 2 2 2 2
left_child=-1 4 3 -3 -2 6 7 9 -9 -6
right_child=1 2 -4 -5 5 -7 -8 8 -10 -11
leaf_value=-0.94493192968043405 -1.141894493997097 0.32548443967645818 -0.9451816113789876 2.3637372562803067 -0.88326451717104226 1.5795516130659315 -1.3638231635093689 0.29557401254773136 2.633975557599749 0.61534258137578557
leaf_weight=22 33 22 27 29 70 27 36 24 21 23
leaf_count=22 33 22 27 29 70 27 36 24 21 23
internal_value=-9.28869e-10 0.0666298 0.64345 1.48449 -0.125644 0.0412034 -0.197506 0.106751 1.38683 -0.512641
internal_weight=334 312 78 51 234 201 174 138 45 93
internal_count=334 312 78 51 234 201 174 138 45 93
is_linear=0
shrinkage=0.03


Tree=228
num_leaves=11
num_cat=0
split_feature=14 2 14 16 6 3 12 2 14 2
split_gain=24184.9 229278 43723.8 50871.2 72899.9 108107 56292.9 54568.5 36959.1 24066.2
threshold=1177.8892775797633 15.500000000000002 1150.6382900229667 1512.6763204309889 -0.98296291314453399 2.5000000000000004 8671.0000000000018 8.5000000000000018 1043.9312661273532 4.5000000000000009
decision_type=2 2 2 2 2 2 2 2 2 2
left_child=2 -2 3 4 5 -1 -6 9 -9 -8
right_child=1 -3 -4 -5 6 -7 7 8 -10 -11
leaf_value=-0.019316892990699181 1.7505856556218602 -2.1276690513947432 1.4317864492961339 1.3870721665295687 1.6161323254758662 -2.5783787190914151 -0.14987661463022234 0.80099191937079794 -0.34924189916471154 -1.5727960395812988
leaf_weight=39 23 34 21 22 22 24 20 65 41 23
leaf_count=39 23 34 21 22 22 24 20 65 41 23
internal_value=1.25652e-08 -0.562759 0.115802 0.00785065 -0.12182 -0.994198 0.199583 -0.00957238 0.35609 -0.910973
internal_weight=334 57 277 256 234 63 171 149 106 43
internal_count=334 57 277 256 234 63 171 149 106 43
is_linear=0
shrinkage=0.03


Tree=229
num_leaves=14
num_cat=0
split_feature=12 10 11 12 12 10 10 10 11 0 12 16 14
split_gain=23162 104625 69784.7 56421.9 59169.6 114821 70655.9 48497.5 44636.2 40771.9 61688.1 61600 20675.9
threshold=10954.000000000002 11104.500000000002 14382.500000000002 10283.500000000002 9209.0000000000018 9146.5000000000018 10203.500000000002 10766.500000000002 10730.500000000002 18.500000000000004 12472.500000000002 1349.1249749807751 1064.209849742884
decision_type=2 2 2 2 2 2 2 2 2 2 2 2 2
left_child=1 3 7 4 5 -1 -7 -2 -8 10 -9 -12 -5
right_child=2 -3 -4 12 -6 6 8 9 -10 -11 11 -13 -14
leaf_value=1.8193602327866987 -1.0612220935821532 1.9466311788558961 -1.8860875756399971 1.4376721537113188 -1.7775946393738622 -1.7409552526473999 1.1272224048205783 -0.62106238199316932 -0.80642932176589965 -0.87049091577529902 0.083890002640810882 2.2224253850513032 0.14869777202606199
leaf_weight=22 30 27 21 24 23 31 21 23 22 20 22 27 21
leaf_count=22 30 27 21 24 23 31 21 23 22 20 22 27 21
internal_value=-5.40725e-09 0.216166 -0.288725 -0.0687278 -0.410909 -0.0834736 -0.649181 -0.0137693 0.137912 0.327791 0.660648 1.26227 0.836151
internal_weight=334 191 143 164 119 96 74 122 43 92 72 49 45
internal_count=334 191 143 164 119 96 74 122 43 92 72 49 45
is_linear=0
shrinkage=0.03


Tree=230
num_leaves=13
num_cat=0
split_feature=13 10 10 13 12 12 10 2 1 10 16 13
split_gain=22880.1 92086 90698.3 147657 30357.8 38716.3 63859.6 85574.2 32542.4 26628.4 12704.8 8280.38
threshold=12563.47916666667 11940.500000000002 13256.000000000002 13348.104166666668 11592.000000000002 10283.500000000002 9786.0000000000018 15.500000000000002 1.5000000000000002 10635.500000000002 1136.7707033612398 10957.312500000002
decision_type=2 2 2 2 2 2 2 2 2 2 2 2
left_child=1 4 -2 -4 5 6 7 -1 -7 -8 -10 -6
right_child=2 -3 3 -5 11 8 9 -9 10 -11 -12 -13
leaf_value=0.25577618598937985 -2.1247581740788051 1.5326343182722728 -1.4061002716151152 2.1555149817466734 -0.39113329342433384 1.6082692558115179 1.420119523845613 -1.7725586069547212 -0.36287192773818971 0.047892667191369191 0.7064424154758453 -1.2239696073532105
leaf_weight=36 21 36 22 20 21 22 20 39 20 35 20 22
leaf_count=36 21 36 22 20 21 22 20 39 20 35 20 22
internal_value=3.51337e-09 0.119719 -0.514981 0.289907 -0.0967277 0.0646361 -0.229563 -0.798958 0.681505 0.546884 0.171785 -0.817236
internal_weight=334 271 63 42 235 192 130 75 62 55 40 43
internal_count=334 271 63 42 235 192 130 75 62 55 40 43
is_linear=0
shrinkage=0.03


Tree=231
num_leaves=10
num_cat=0
split_feature=14 14 1 15 15 6 1 14 2
split_gain=22272.6 51229.4 38760.3 65061.3 72028.5 54131.5 40212.9 61543.8 29185.3
threshold=831.59086800980356 908.90575444660965 4.5000000000000009 12624.54761904762 11426.919642857145 -0.98296291314453399 3.5000000000000004 1043.9312661273532 13.500000000000002
decision_type=2 2 2 2 2 2 2 2 2
left_child=-1 -2 3 4 6 -4 7 -3 -7
right_child=1 2 5 -5 -6 8 -8 -9 -10
leaf_value=0.92257064645940601 -1.4960562797955104 0.98439439501081183 1.7699285842895509 -1.3879180496389214 1.4901217725541855 -0.78969638279506127 -1.1959158364657698 -0.41139297467233105 0.71398526925307049
leaf_weight=22 21 42 25 33 27 21 29 88 26
leaf_count=22 21 42 25 33 27 21 29 88 26
internal_value=-1.28797e-08 -0.0650531 0.0382152 -0.160309 0.0574931 0.642058 -0.185783 0.0395537 0.0421275
internal_weight=334 312 291 219 186 72 159 130 47
internal_count=334 312 291 219 186 72 159 130 47
is_linear=0
shrinkage=0.03


Tree=232
num_leaves=12
num_cat=0
split_feature=14 14 2 6 11 11 3 11 14 1 16
split_gain=21185.6 42652.7 49588.3 48669.5 102020 69580.4 45552.7 71009 38718.1 27464.6 21955.4
threshold=841.20495209990247 966.86562189006997 7.5000000000000009 -0.9159756150367534 11254.000000000002 10730.500000000002 4.5000000000000009 14048.000000000002 1184.4949289839967 2.5000000000000004 1100.6783009876494
decision_type=2 2 2 2 2 2 2 2 2 2 2
left_child=-1 2 -2 4 5 10 7 8 9 -5 -3
right_child=1 3 -4 6 -6 -7 -8 -9 -10 -11 -12
leaf_value=0.83999761848449706 -1.9735132891791207 -0.05650035581588745 -0.1086753849549727 -0.51912779331207271 1.8060957431793212 -1.5551283937692642 -1.1500560966290925 -1.5204655947004044 1.448797252178192 0.69905695299948412 1.2770603677332399
leaf_weight=25 21 25 33 36 39 21 38 21 24 31 20
leaf_count=25 21 25 33 36 39 21 38 21 24 31 20
internal_value=-7.92349e-10 -0.067961 -0.83389 0.0942358 0.589607 -0.129227 -0.252524 0.0519957 0.414871 0.0445099 0.536193
internal_weight=334 309 54 255 105 66 150 112 91 67 45
internal_count=334 309 54 255 105 66 150 112 91 67 45
is_linear=0
shrinkage=0.03


Tree=233
num_leaves=13
num_cat=0
split_feature=12 5 11 11 10 13 15 13 12 12 1 10
split_gain=22489.5 36083 103782 54042.6 32124.4 69420.5 63858.4 29645.5 21211.8 43409.9 40260.2 10824.9
threshold=8100.0000000000009 1.0000000180025095e-35 12069.000000000002 10095.500000000002 12527.500000000002 12982.875000000002 12067.330357142859 9745.7916666666697 10283.500000000002 8631.0000000000018 1.5000000000000002 11304.500000000002
decision_type=2 2 2 2 2 2 2 2 2 2 2 2
left_child=-1 4 3 -3 6 -6 7 8 9 -2 -10 -9
right_child=1 2 -4 -5 5 -7 -8 11 10 -11 -12 -13
leaf_value=-0.92705162806944419 0.1162038007709715 0.29916340567848898 -0.87979830861091612 2.2709683414985391 1.8190077599612149 -0.30902747850160339 -1.9203671994209288 1.0103861726955934 1.0756017575945171 -1.5171672114729882 -0.6256563252787436 0.069284730824557217
leaf_weight=22 27 22 27 29 22 37 20 22 21 32 31 22
leaf_count=22 27 22 27 29 22 37 20 22 21 32 31 22
internal_value=-2.21108e-09 0.065369 0.624168 1.42039 -0.120897 0.484477 -0.324995 -0.119141 -0.380356 -0.769692 0.0613902 0.539835
internal_weight=334 312 78 51 234 59 175 155 111 59 52 44
internal_count=334 312 78 51 234 59 175 155 111 59 52 44
is_linear=0
shrinkage=0.03


Tree=234
num_leaves=12
num_cat=0
split_feature=12 10 13 16 10 6 14 3 11 10 10
split_gain=21625.2 91406.1 82282.3 134277 126016 53888.9 71365.9 135400 38487.1 29350.1 24481.3
threshold=10954.000000000002 11104.500000000002 12563.47916666667 1306.2868312471742 12063.500000000002 -0.98296291314453399 1075.160631066565 1.5000000000000002 10779.000000000002 9109.0000000000018 10766.500000000002
decision_type=2 2 2 2 2 2 2 2 2 2 2
left_child=1 5 4 -4 10 8 9 -8 -1 -7 -2
right_child=2 -3 3 -5 -6 6 7 -9 -10 -11 -12
leaf_value=-0.080520497432776852 -1.0392276134490965 1.8263267350196839 0.54448916196823116 -2.4046601195768877 2.1006986915588381 1.7068058686786227 0.86898936939239491 -2.4427154560089113 -1.6999723465204239 0.42008664846420291 0.1629323230251189
leaf_weight=28 30 27 24 33 25 27 25 20 25 39 31
leaf_count=28 30 27 24 33 25 27 25 20 25 39 31
internal_value=-3.13192e-09 0.208872 -0.278983 -1.16291 0.306878 -0.0574166 0.318356 -0.602879 -0.844413 0.946472 -0.428294
internal_weight=334 191 143 57 86 164 111 45 53 66 61
internal_count=334 191 143 57 86 164 111 45 53 66 61
is_linear=0
shrinkage=0.03


Tree=235
num_leaves=13
num_cat=0
split_feature=13 13 10 14 7 5 5 2 2 3 12 8
split_gain=21854.9 64319.2 74149.1 60085.6 30470 79348 72153 55097.8 47462.6 33309 30578.4 18554
threshold=13674.16666666667 12563.47916666667 11940.500000000002 1041.4719188023221 -0.12940952255126037 1.0000000180025095e-35 1.0000000180025095e-35 17.500000000000004 16.500000000000004 3.5000000000000004 10920.500000000002 0.68301270189221941
decision_type=2 2 2 2 2 2 2 2 2 2 2 2
left_child=1 2 4 -3 5 8 11 -7 9 -1 -10 -6
right_child=-2 3 -4 -5 6 7 -8 -9 10 -11 -12 -13
leaf_value=-0.20174604557454584 0.93688279151916498 -0.073356130339882586 1.3743059363464514 -2.3453377146720888 -0.47503282894258914 2.1937289476394652 -1.9046383724212648 0.061694407939910892 0.85013532456598784 -1.6185947574887958 -0.51767790794372548 0.75833440576280864
leaf_weight=32 21 22 36 20 23 24 25 20 38 28 24 21
leaf_count=32 21 22 36 20 23 24 25 20 38 28 24 21
internal_value=2.73039e-10 -0.062858 0.106443 -1.15525 -0.0877828 0.132456 -0.617633 1.22462 -0.26144 -0.862942 0.320659 0.11362
internal_weight=334 313 271 42 235 166 69 44 122 60 62 44
internal_count=334 313 271 42 235 166 69 44 122 60 62 44
is_linear=0
shrinkage=0.03


Tree=236
num_leaves=9
num_cat=0
split_feature=14 12 12 15 11 2 13 13
split_gain=21927.8 41902.6 64612.8 91642 85051.5 48090.2 62284.1 50950.6
threshold=898.02928702372367 13472.500000000002 11917.000000000002 12290.372023809525 13280.500000000002 4.5000000000000009 10262.97916666667 9118.6041666666697
decision_type=2 2 2 2 2 2 2 2
left_child=-1 2 4 -4 5 -2 7 -7
right_child=1 -3 3 -5 -6 6 -8 -9
leaf_value=-0.68868859677701388 1.0877287129492597 1.0452683925628663 0.27990481209754942 -2.591989840507507 1.9243021236224609 -0.51024758246541013 -1.6503335082530974 0.61579615527933296
leaf_weight=37 29 36 20 20 22 80 24 66
leaf_count=37 29 36 20 20 22 80 24 66
internal_value=-4.99501e-09 0.0857962 -0.0465448 -1.15604 0.154269 -0.0414127 -0.234031 -0.00121411
internal_weight=334 297 261 40 221 199 170 146
internal_count=334 297 261 40 221 199 170 146
is_linear=0
shrinkage=0.03


Tree=237
num_leaves=12
num_cat=0
split_feature=14 2 10 15 10 10 1 11 13 13 0
split_gain=21277.5 208536 40361.9 42493.8 32450.9 42182.9 118934 26492.6 44191.2 35745.2 17001.5
threshold=1177.8892775797633 15.500000000000002 14116.500000000002 12624.54761904762 8992.0000000000018 10030.000000000002 3.5000000000000004 11595.000000000002 9745.7916666666697 11946.85416666667 14.000000000000002
decision_type=2 2 2 2 2 2 2 2 2 2 2
left_child=2 -2 3 4 -1 6 10 8 -7 -9 -6
right_child=1 -3 -4 -5 5 7 -8 9 -10 -11 -12
leaf_value=1.057568387327523 1.6783746088587719 -2.0202967429161069 1.3415141591158781 -1.2904919106619699 -0.11179740571975708 0.17911874860525132 -1.9007411047991585 -0.67833798885345464 1.8686312107606367 0.87908493859427317 0.95946305885910987
leaf_weight=29 23 34 22 21 30 38 34 36 22 21 24
leaf_count=29 23 34 22 21 30 38 34 36 22 21 24
internal_value=6.79921e-10 -0.52785 0.108619 0.00225162 0.118267 -0.0146097 -0.510818 0.358607 0.798607 -0.104551 0.364318
internal_weight=334 57 277 255 234 205 88 117 60 57 54
internal_count=334 57 277 255 234 205 88 117 60 57 54
is_linear=0
shrinkage=0.03


Tree=238
num_leaves=9
num_cat=0
split_feature=14 12 12 15 11 2 13 13
split_gain=20807.7 39117.6 59366.4 85622.6 78971.8 44358.8 52159 47601.2
threshold=898.02928702372367 13472.500000000002 11917.000000000002 12290.372023809525 13852.500000000002 4.5000000000000009 10262.97916666667 9118.6041666666697
decision_type=2 2 2 2 2 2 2 2
left_child=-1 2 4 -4 5 -2 7 -7
right_child=1 -3 3 -5 -6 6 -8 -9
leaf_value=-0.67086799544257092 1.0493485381685452 1.0106156104803086 0.28019537115097048 -2.4957790675163269 1.8983116235051836 -0.49476239088177681 -1.4857321701049806 0.59364042669534678
leaf_weight=37 29 36 20 20 21 80 25 66
leaf_count=37 29 36 20 20 21 80 25 66
internal_value=-1.03059e-08 0.0835761 -0.0442914 -1.10779 0.148197 -0.0355646 -0.219556 -0.00274468
internal_weight=334 297 261 40 221 200 171 146
internal_count=334 297 261 40 221 200 171 146
is_linear=0
shrinkage=0.03


Tree=239
num_leaves=14
num_cat=0
split_feature=11 13 1 12 10 1 15 15 16 12 3 16 10
split_gain=20784.7 47816.5 35683.4 53081.4 121301 74936.5 169599 121863 44468.3 39391.3 35565.8 11371.6 8304
threshold=9628.0000000000018 8660.2291666666679 1.5000000000000002 10891.500000000002 10986.000000000002 3.5000000000000004 11998.97023809524 12575.711309523811 1185.3593481062119 9076.0000000000018 3.5000000000000004 1313.7583961121591 10378.000000000002
decision_type=2 2 2 2 2 2 2 2 2 2 2 2 2
left_child=-1 -2 8 4 9 6 -5 -7 10 12 -3 -10 -4
right_child=1 2 3 5 -6 7 -8 -9 11 -11 -12 -13 -14
leaf_value=0.8320118751525879 -1.4493447644369943 0.41608649049486435 -1.3156313967704774 0.47393895578384398 2.3903920726776122 -0.98418466885884603 -3.2324816196441648 1.9364996452331544 -0.69514432140759053 0.4844948612650235 2.0279644081267443 0.30439300203323366 -0.45113161097466942
leaf_weight=25 21 28 20 20 20 36 25 20 21 36 22 20 20
leaf_count=25 21 28 20 20 20 36 25 20 21 36 22 20 20
internal_value=1.37242e-08 -0.0673149 0.0334582 -0.1935 0.311608 -0.673603 -1.58518 0.0589169 0.524785 -0.23544 1.12531 -0.207565 -0.883382
internal_weight=334 309 288 197 96 101 45 56 91 76 50 41 40
internal_count=334 309 288 197 96 101 45 56 91 76 50 41 40
is_linear=0
shrinkage=0.03


Tree=240
num_leaves=13
num_cat=0
split_feature=14 2 13 0 14 12 11 2 2 2 1 1
split_gain=21320.6 192241 39919.8 50535.2 115780 45261.5 44130.2 44028.4 36333.6 55090.8 22088.5 55063.1
threshold=1177.8892775797633 15.500000000000002 13622.708333333334 17.500000000000004 1104.4129105960658 8671.0000000000018 12696.000000000002 15.500000000000002 11.500000000000002 5.5000000000000009 4.5000000000000009 2.5000000000000004
decision_type=2 2 2 2 2 2 2 2 2 2 2 2
left_child=2 -2 3 5 6 -1 7 -5 9 -7 11 -10
right_child=1 -3 -4 4 -6 8 -8 -9 10 -11 -12 -13
leaf_value=1.6318601080349513 1.5898893785476684 -1.9613349606009089 1.3997314245700836 0.2803865747451782 0.90298503799871965 0.3791901448882859 -2.4547870538234711 -1.644224484692449 0.16171875169402675 -1.5868825864791869 -0.16813409969724458 2.075870027542114
leaf_weight=21 23 34 20 20 33 29 20 23 38 23 29 21
leaf_count=21 23 34 20 20 33 29 20 23 38 23 29 21
internal_value=8.83362e-10 -0.528385 0.108729 0.00826189 -0.536528 0.333105 -1.29056 -0.749057 0.138292 -0.490419 0.509803 0.843027
internal_weight=334 57 277 257 96 161 63 43 140 52 88 59
internal_count=334 57 277 257 96 161 63 43 140 52 88 59
is_linear=0
shrinkage=0.03


Tree=241
num_leaves=11
num_cat=0
split_feature=14 14 1 13 10 6 13 16 14 2
split_gain=21661 46104.8 36775.4 49912.5 86893.4 45940.9 30279.7 63443.9 46408 26568.8
threshold=831.59086800980356 908.90575444660965 4.5000000000000009 12784.60416666667 12063.500000000002 -0.98296291314453399 9000.9375000000018 1138.4220989383873 1075.160631066565 13.500000000000002
decision_type=2 2 2 2 2 2 2 2 2 2
left_child=-1 -2 3 4 6 -4 8 -8 -3 -7
right_child=1 2 5 -5 -6 9 7 -9 -10 -11
leaf_value=0.90981617754155941 -1.4216978345598494 -0.021835667729377745 1.661036114501953 -1.2543981959670782 1.7988153635371813 -0.72435252973011555 1.0877897682705442 -0.43028710792958735 -1.8129814236060433 0.71034454162304217
leaf_weight=22 21 30 25 32 22 21 37 75 23 26
leaf_count=22 21 30 25 32 22 21 37 75 23 26
internal_value=1.44885e-09 -0.0641537 0.0338134 -0.159561 0.0277914 0.621992 -0.208345 0.0712204 -0.799125 0.0693097
internal_weight=334 312 291 219 187 72 165 112 53 47
internal_count=334 312 291 219 187 72 165 112 53 47
is_linear=0
shrinkage=0.03


Tree=242
num_leaves=12
num_cat=0
split_feature=14 13 14 6 6 16 16 2 2 15 3
split_gain=20484.8 40023.1 35221.6 80985.4 43580.5 84642.7 59936.9 51652 44268.8 38396.4 37006.2
threshold=841.20495209990247 8475.1458333333358 966.86562189006997 -0.9159756150367534 -0.9159756150367534 1167.3052342014792 1205.9387962278968 24.500000000000004 15.500000000000002 8969.5982142857156 3.5000000000000004
decision_type=2 2 2 2 2 2 2 2 2 2 2
left_child=-1 -2 3 -3 5 9 7 10 -8 -4 -6
right_child=1 2 4 -5 6 -7 8 -9 -10 -11 -12
leaf_value=0.82598751697540274 -1.2708002708269202 -2.0378344276818363 0.84460948750376696 0.53628209222446788 0.43195504175126553 1.7453575749122179 0.13143946439027787 1.5394332551956176 -1.5229149697277995 -0.73242600744420827 -1.1232350908006941
leaf_weight=25 23 22 24 22 40 39 24 24 37 33 21
leaf_count=25 23 22 24 22 40 39 24 24 37 33 21
internal_value=4.02599e-09 -0.0668275 0.0299955 -0.750776 0.171954 0.668432 -0.154498 0.360431 -0.872021 -0.0684111 -0.103438
internal_weight=334 309 286 44 242 96 146 85 61 57 61
internal_count=334 309 286 44 242 96 146 85 61 57 61
is_linear=0
shrinkage=0.03


Tree=243
num_leaves=9
num_cat=0
split_feature=13 13 13 11 11 11 11 11
split_gain=20860.6 63200.3 66210.9 53258 41930.1 65396.6 47293.4 39694.8
threshold=13622.708333333334 12563.47916666667 11818.270833333334 12329.000000000002 11126.000000000002 10779.000000000002 11508.500000000002 10496.000000000002
decision_type=2 2 2 2 2 2 2 2
left_child=1 2 3 4 5 7 -6 -1
right_child=-2 -3 -4 -5 6 -7 -8 -9
leaf_value=-0.098724250778555858 0.85209299862384791 -1.1951200155111459 1.6008630615472794 -1.4947797066824775 1.93349748475211 -1.4109323740974069 0.077247999668121334 1.2153241511106492
leaf_weight=120 24 39 24 21 21 30 30 25
leaf_count=120 24 39 24 21 21 30 30 25
internal_value=1.88651e-09 -0.0659685 0.0965293 -0.0496407 0.0846421 -0.135953 0.841586 0.127836
internal_weight=334 310 271 247 226 175 51 145
internal_count=334 310 271 247 226 175 51 145
is_linear=0
shrinkage=0.03


Tree=244
num_leaves=11
num_cat=0
split_feature=14 2 10 10 14 6 3 1 3 6
split_gain=20352.4 177044 38508.8 41357 33239.7 58462.4 34422.9 23939.6 29836 8601.34
threshold=1177.8892775797633 15.500000000000002 14116.500000000002 8992.0000000000018 1113.3453269621975 -0.98296291314453399 2.5000000000000004 5.5000000000000009 4.5000000000000009 -0.9159756150367534
decision_type=2 2 2 2 2 2 2 2 2 2
left_child=2 -2 3 -1 5 6 -5 8 -7 -6
right_child=1 -3 -4 4 9 7 -8 -9 -10 -11
leaf_value=1.0688844019791175 1.5165773755571117 -1.8913952030855066 1.3104918974096125 -0.47875267868041993 0.93811677597463128 -0.23929696810050088 -2.1058463976599953 -0.9231488718305314 0.79253508393154581 0.17615182256698608
leaf_weight=29 23 34 22 25 24 61 22 21 43 30
leaf_count=29 23 34 22 25 24 61 22 21 43 30
internal_value=-3.0998e-09 -0.516248 0.106232 0.00233465 -0.134524 -0.338382 -1.24037 0.000766138 0.187326 0.514803
internal_weight=334 57 277 255 226 172 47 125 104 54
internal_count=334 57 277 255 226 172 47 125 104 54
is_linear=0
shrinkage=0.03


Tree=245
num_leaves=11
num_cat=0
split_feature=11 13 2 2 6 1 15 11 16 15
split_gain=20020.9 43700.9 33254.5 44620.4 77951.1 41052.5 70749.3 47692.1 42563.8 30409.3
threshold=9628.0000000000018 8710.5833333333358 27.500000000000004 22.500000000000004 1.0000000180025095e-35 1.5000000000000002 12772.419642857143 12795.000000000002 1103.0958555005677 9556.961309523811
decision_type=2 2 2 2 2 2 2 2 2 2
left_child=-1 -2 3 5 -5 7 8 9 -7 -3
right_child=1 2 -4 4 -6 6 -8 -9 -10 -11
leaf_value=0.81658098621368402 -1.2954967021942136 0.81735705591738217 -0.87372624523937703 2.0935460285040044 -0.27741869568824767 -1.0478364998718788 -1.9320194489615305 1.806936405658722 0.27024209810987765 -0.81716738104820252
leaf_weight=25 24 21 32 26 24 29 21 20 92 20
leaf_count=25 24 21 32 26 24 29 21 20 92 20
internal_value=-9.6775e-09 -0.0660664 0.0374645 0.152714 0.955483 -0.0450124 -0.32463 0.6059 -0.045661 0.0200281
internal_weight=334 309 285 253 50 203 142 61 121 41
internal_count=334 309 285 253 50 203 142 61 121 41
is_linear=0
shrinkage=0.03


Tree=246
num_leaves=12
num_cat=0
split_feature=14 13 14 6 6 16 16 15 10 9 15
split_gain=19990.3 36966.8 31936.3 75514 40204.8 78560.1 56482 35942.6 35085.9 32827.1 19148.6
threshold=841.20495209990247 8475.1458333333358 966.86562189006997 -0.9159756150367534 -0.9159756150367534 1167.3052342014792 1205.9387962278968 8969.5982142857156 10347.500000000002 1.0000000180025095e-35 8809.8660714285725
decision_type=2 2 2 2 2 2 2 2 2 2 2
left_child=-1 -2 3 -3 5 7 8 -4 10 -8 -6
right_child=1 2 4 -5 6 -7 9 -9 -10 -11 -12
leaf_value=0.8159573095321655 -1.2231060417838717 -1.9592517497322777 0.81256509680300948 0.52639127339829095 0.69221911326698626 1.6765838729876736 -0.11682545653704939 -0.71324631821025497 1.4125688185010639 -1.5103944388031958 -0.38927303321477846
leaf_weight=25 23 22 24 22 23 39 29 33 21 32 41
leaf_count=25 23 22 24 22 23 39 29 33 21 32 41
internal_value=-5.03784e-09 -0.066016 0.0270367 -0.71643 0.162213 0.639075 -0.151341 -0.0707994 0.348527 -0.847878 -0.000611793
internal_weight=334 309 286 44 242 96 146 57 85 61 64
internal_count=334 309 286 44 242 96 146 57 85 61 64
is_linear=0
shrinkage=0.03


Tree=247
num_leaves=11
num_cat=0
split_feature=14 2 16 10 14 1 14 10 11 11
split_gain=19399 164881 37714.2 40242.3 64921.2 59953 78415.1 60490.4 46110.5 21135
threshold=1177.8892775797633 15.500000000000002 1512.6763204309889 8992.0000000000018 1113.3453269621975 3.5000000000000004 1043.9312661273532 10203.500000000002 12389.000000000002 11162.500000000002
decision_type=2 2 2 2 2 2 2 2 2 2
left_child=2 -2 3 -1 5 6 8 -7 -5 -6
right_child=1 -3 -4 4 9 7 -8 -9 -10 -11
leaf_value=1.0529712295532225 1.4577416622768276 -1.8310796532911413 1.2954836555705829 0.067573846757411959 0.2308141225017607 -2.1584402206026274 -1.0286523858400489 -0.33911245371166027 1.7533402835804484 1.3949798515319822
leaf_weight=29 23 34 22 40 32 29 39 38 23 25
leaf_count=29 23 34 22 40 32 29 39 38 23 25
internal_value=6.03229e-09 -0.504011 0.103714 0.000894163 -0.134107 -0.429401 0.0285523 -1.12658 0.683012 0.741413
internal_weight=334 57 277 255 226 169 102 67 63 57
internal_count=334 57 277 255 226 169 102 67 63 57
is_linear=0
shrinkage=0.03


Tree=248
num_leaves=10
num_cat=0
split_feature=11 13 2 2 0 15 14 2 2
split_gain=19459.6 39784.2 30030.8 43034.4 73018.4 40785.5 34739.4 53742.1 43000
threshold=9628.0000000000018 8710.5833333333358 27.500000000000004 22.500000000000004 14.000000000000002 12883.380952380954 1104.4129105960658 8.5000000000000018 17.500000000000004
decision_type=2 2 2 2 2 2 2 2 2
left_child=-1 -2 3 5 -5 6 8 -8 -3
right_child=1 2 -4 4 -6 -7 7 -9 -10
leaf_value=0.80505303726196287 -1.2381770992279053 -0.54539239046152899 -0.83225094785448162 -0.26171271085739134 2.0330093432389771 -1.1856722837448121 1.7174389524242053 -0.043385608563056358 0.81012847627912243
leaf_weight=25 24 85 32 24 26 25 26 39 28
leaf_count=25 24 85 32 24 26 25 26 39 28
internal_value=-1.74718e-08 -0.0651338 0.0336488 0.14317 0.931543 -0.0510108 0.108352 0.660944 -0.209511
internal_weight=334 309 285 253 50 203 178 65 113
internal_count=334 309 285 253 50 203 178 65 113
is_linear=0
shrinkage=0.03


Tree=249
num_leaves=10
num_cat=0
split_feature=14 13 14 6 14 13 10 15 14
split_gain=19081.3 34200.5 29714.5 71756.8 38123.3 76729.5 115454 40449.4 29337
threshold=841.20495209990247 8475.1458333333358 966.86562189006997 -0.9159756150367534 990.57612659863037 12784.60416666667 11990.500000000002 8901.1279761904789 1106.373425572752
decision_type=2 2 2 2 2 2 2 2 2
left_child=-1 -2 3 -3 -4 6 7 -6 -7
right_child=1 2 4 -5 5 8 -8 -9 -10
leaf_value=0.79718901557922361 -1.1774523179427439 -1.9036420060287822 1.4098943324089048 0.51937531430612904 0.73339748586927134 -0.33485275697708128 2.2905083531918731 -0.30289287247441027 -1.9597617058753964
leaf_weight=25 23 22 20 22 49 20 23 110 20
leaf_count=25 23 22 20 22 49 20 23 110 20
internal_value=1.55954e-08 -0.0644975 0.0250059 -0.692133 0.155395 0.0423769 0.303846 0.016467 -1.14731
internal_weight=334 309 286 44 242 222 182 159 40
internal_count=334 309 286 44 242 222 182 159 40
is_linear=0
shrinkage=0.03


Tree=250
num_leaves=9
num_cat=0
split_feature=13 10 10 11 10 11 14 11
split_gain=19229.3 61427.9 48875 45517.9 58142.4 27501.9 58705.3 39424.6
threshold=13674.16666666667 13997.000000000002 12527.500000000002 12720.500000000002 11665.500000000002 10779.000000000002 1084.073202057079 10496.000000000002
decision_type=2 2 2 2 2 2 2 2
left_child=1 2 3 4 5 7 -7 -1
right_child=-2 -3 -4 -5 -6 6 -8 -9
leaf_value=-0.095668054521083831 0.87880407537732808 -1.5874671701951459 1.1436993980407715 -1.4570515880584718 1.5811375640630723 -1.9687687339782713 -0.061252339718476781 1.2139002917088568
leaf_weight=120 21 22 33 20 20 20 53 25
leaf_count=120 21 22 33 20 20 20 53 25
internal_value=-1.31852e-09 -0.0589613 0.0565958 -0.0824523 0.0330603 -0.108965 -0.58386 0.13012
internal_weight=334 313 291 258 238 218 73 145
internal_count=334 313 291 258 238 218 73 145
is_linear=0
shrinkage=0.03


Tree=251
num_leaves=13
num_cat=0
split_feature=11 12 14 12 14 12 16 12 16 10 16 12
split_gain=18484.6 38614.1 134856 71831.8 182304 102457 62500 179648 91833 101885 44185.8 18185.5
threshold=9628.0000000000018 9076.0000000000018 1008.0883802752595 10891.500000000002 1064.209849742884 9883.5000000000018 1306.2868312471742 12472.500000000002 1149.7927858950925 12440.500000000002 1561.4033607502261 8445.5000000000018
decision_type=2 2 2 2 2 2 2 2 2 2 2 2
left_child=-1 2 -2 4 -3 -6 8 -8 -5 -10 -9 -4
right_child=1 3 11 6 5 -7 7 10 9 -11 -12 -13
leaf_value=0.78462551994323726 -2.6949700617790224 2.7103253679275512 0.67363285541534412 -1.1027527565791688 1.3927626829147339 -1.3983414244651793 -3.3180592918395995 -0.88408002090454096 -0.15018648818135261 2.4058623229980469 1.0642432974685321 -0.36922927831902219
leaf_weight=25 21 30 27 29 20 29 20 20 32 25 22 34
leaf_count=25 21 30 27 29 20 29 20 20 32 25 22 34
internal_value=-4.42216e-09 -0.063481 -0.621464 0.138081 0.86852 -0.259115 -0.251815 -0.977894 0.271637 0.970888 0.13647 0.0923654
internal_weight=334 309 82 227 79 49 148 62 86 57 42 61
internal_count=334 309 82 227 79 49 148 62 86 57 42 61
is_linear=0
shrinkage=0.03


Tree=252
num_leaves=9
num_cat=0
split_feature=14 12 12 15 11 11 11 14
split_gain=18446.3 35653.5 50891.1 74993 73784.1 39456.2 50418.9 26701.6
threshold=898.02928702372367 13472.500000000002 11917.000000000002 12290.372023809525 13280.500000000002 11359.500000000002 10989.500000000002 1075.160631066565
decision_type=2 2 2 2 2 2 2 2
left_child=-1 2 4 -4 5 6 7 -2
right_child=1 -3 3 -5 -6 -7 -8 -9
leaf_value=-0.63165593572565026 0.31199971764118639 0.96373119274775176 0.27092989969253539 -2.3270255270004272 1.7834605459733441 -0.94628891944885252 1.4528386164229847 -0.52079586755661733
leaf_weight=37 77 36 20 20 22 36 23 63
leaf_count=37 77 36 20 20 22 36 23 63
internal_value=-4.60419e-09 0.0786911 -0.0433834 -1.02805 0.134836 -0.0474235 0.151099 -0.0627583
internal_weight=334 297 261 40 221 199 163 140
internal_count=334 297 261 40 221 199 163 140
is_linear=0
shrinkage=0.03


Tree=253
num_leaves=9
num_cat=0
split_feature=14 13 14 7 12 12 15 2
split_gain=19187.4 32069.8 27906.7 60502.9 35136.1 86986.6 68551.8 39125.1
threshold=841.20495209990247 8475.1458333333358 966.86562189006997 -0.83651630373780772 13472.500000000002 11917.000000000002 11961.199404761906 4.5000000000000009
decision_type=2 2 2 2 2 2 2 2
left_child=-1 -2 3 -3 5 6 7 -4
right_child=1 2 4 -5 -6 -7 -8 -9
leaf_value=0.79940122261047353 -1.1424047096915866 0.54564634037017812 1.2745095935038158 -1.6885180744528769 1.1280276558316988 -1.4009426923231643 1.9304765081405639 -0.11477800173725156
leaf_weight=25 23 20 21 24 29 33 20 139
leaf_count=25 23 20 21 24 29 33 20 139
internal_value=-6.52617e-09 -0.0646765 0.021994 -0.672989 0.148354 0.0149717 0.274556 0.067566
internal_weight=334 309 286 44 242 213 180 160
internal_count=334 309 286 44 242 213 180 160
is_linear=0
shrinkage=0.03


Tree=254
num_leaves=12
num_cat=0
split_feature=12 10 13 16 10 6 14 3 11 10 13
split_gain=18373.3 72899.6 65121.5 114316 94346.5 43797.3 60834.1 119006 39214.7 28974.8 27862.7
threshold=10954.000000000002 11104.500000000002 12563.47916666667 1306.2868312471742 12185.500000000002 -0.98296291314453399 1075.160631066565 1.5000000000000002 10779.000000000002 10766.500000000002 8753.5208333333358
decision_type=2 2 2 2 2 2 2 2 2 2 2
left_child=1 5 4 -4 9 8 10 -8 -1 -2 -7
right_child=2 -3 3 -5 -6 6 7 -9 -10 -11 -12
leaf_value=0.016307425158364433 -1.0111092061996461 1.6369926823510064 0.53187053203582757 -2.189262480898337 1.9085746074759442 1.6142211829291448 0.82282911715507501 -2.2819286041259761 -1.6183796816825866 0.27709381623701612 0.36053049234243539
leaf_weight=28 30 27 24 33 23 27 25 20 25 33 39
leaf_count=28 30 27 24 33 23 27 25 20 25 33 39
internal_value=5.66958e-09 0.192527 -0.257152 -1.04352 0.264047 -0.0452809 0.293485 -0.557063 -0.754771 -0.336336 0.873404
internal_weight=334 191 143 57 86 164 111 45 53 63 66
internal_count=334 191 143 57 86 164 111 45 53 63 66
is_linear=0
shrinkage=0.03


Tree=255
num_leaves=8
num_cat=0
split_feature=14 14 15 15 10 14 14
split_gain=18978.2 35612.6 46142.6 74339.4 99283.5 66923.7 27086.9
threshold=898.02928702372367 955.44114249297684 13042.535714285716 12104.199404761906 11872.500000000002 994.93336081656605 1188.2579467552139
decision_type=2 2 2 2 2 2 2
left_child=-1 -2 3 4 5 -3 -7
right_child=1 2 -4 -5 -6 6 -8
leaf_value=-0.64069676012606225 1.0089764644882895 -1.6905135782905245 1.163647756576538 -1.4443152139868054 1.9557415398684412 0.19531465325477351 -0.96175526005881162
leaf_weight=37 33 23 26 35 22 137 21
leaf_count=37 33 23 26 35 22 137 21
internal_value=2.98202e-09 0.0798174 -0.0363274 -0.167417 0.0527377 -0.178567 0.0415269
internal_weight=334 297 264 238 203 181 158
internal_count=334 297 264 238 203 181 158
is_linear=0
shrinkage=0.03


Tree=256
num_leaves=10
num_cat=0
split_feature=13 10 11 2 1 2 12 12 6
split_gain=17710.3 59985.7 42124.2 30783.9 40826.5 33190.3 59465.8 46042 36215.1
threshold=13674.16666666667 13997.000000000002 13442.000000000002 4.5000000000000009 3.5000000000000004 11.500000000000002 9032.5000000000018 8501.5000000000018 -0.9159756150367534
decision_type=2 2 2 2 2 2 2 2 2
left_child=1 2 3 4 -1 6 -5 -7 -9
right_child=-2 -3 -4 5 -6 7 -8 8 -10
leaf_value=-0.15127681195735931 0.84337998288018357 -1.5670407355915417 1.351841299874442 0.49375324201583859 1.6839841532707214 -0.92825842152039206 -1.5464926548798879 1.0640594926319624 -0.03012581929564476
leaf_weight=24 21 22 21 20 20 36 36 38 96
leaf_count=24 21 22 21 20 20 36 36 38 96
internal_value=-4.51853e-09 -0.0565846 0.057608 -0.0430546 0.682933 -0.184397 -0.817833 0.024264 0.280166
internal_weight=334 313 291 270 44 226 56 170 134
internal_count=334 313 291 270 44 226 56 170 134
is_linear=0
shrinkage=0.03


Tree=257
num_leaves=13
num_cat=0
split_feature=12 16 13 11 10 1 1 0 11 10 12 11
split_gain=17129.5 67464.5 61393.2 111451 87701.9 35039.6 96222.4 47926.6 56001.2 26112.5 15817.8 13552.6
threshold=10954.000000000002 1218.2945414006062 12563.47916666667 14382.500000000002 12185.500000000002 4.5000000000000009 5.5000000000000009 17.500000000000004 10123.000000000002 10766.500000000002 9209.0000000000018 10989.500000000002
decision_type=2 2 2 2 2 2 2 2 2 2 2 2
left_child=1 5 4 -4 9 7 -7 8 -1 -2 -10 -9
right_child=2 -3 3 -5 -6 6 -8 11 10 -11 -12 -13
leaf_value=-0.7465799775123596 -0.96166858899593355 1.7900912475585937 -0.036519685951439111 -2.8161358963251111 1.8433245352040164 1.967105604171753 -0.69228299379348757 -1.6190251103314486 1.4301822545853529 0.26125150420448995 0.29256152369759297 -0.54000191916245965
leaf_weight=35 30 21 37 20 23 25 24 22 22 33 22 20
leaf_count=35 30 21 37 20 23 25 24 22 22 33 22 20
internal_value=-7.4174e-09 0.185897 -0.248295 -1.01182 0.257764 -0.0122687 0.664548 -0.286351 0.148988 -0.321091 0.861372 -1.1052
internal_weight=334 191 143 57 86 170 49 121 79 63 44 42
internal_count=334 191 143 57 86 170 49 121 79 63 44 42
is_linear=0
shrinkage=0.03


Tree=258
num_leaves=9
num_cat=0
split_feature=14 11 14 14 16 14 3 16
split_gain=18777.8 33250 41822.4 59761.4 47628.3 33161.2 74561.8 36652.6
threshold=898.02928702372367 14262.000000000002 955.44114249297684 1008.0883802752595 1138.4220989383873 1043.9312661273532 4.5000000000000009 1313.7583961121591
decision_type=2 2 2 2 2 2 2 2
left_child=-1 2 -2 4 -4 -5 7 -7
right_child=1 -3 3 5 -6 6 -8 -9
leaf_value=-0.63730597547582668 1.0089593268594435 1.0263592553138734 -0.10377772521972656 1.0168490512030466 -2.1055237468429233 -0.00082298554872211661 -1.425636600448239 1.3915592765808105
leaf_weight=37 31 30 20 28 23 114 31 20
leaf_count=37 31 30 20 28 23 114 31 20
internal_value=-2.94454e-09 0.079395 -0.0270055 -0.163086 -1.17448 0.0622508 -0.0997416 0.206995
internal_weight=334 297 267 236 43 193 165 134
internal_count=334 297 267 236 43 193 165 134
is_linear=0
shrinkage=0.03


Tree=259
num_leaves=8
num_cat=0
split_feature=13 10 10 11 10 12 12
split_gain=17093 57242.3 40003.5 45562.4 48186.6 35602.5 36023.1
threshold=13674.16666666667 13997.000000000002 12527.500000000002 12720.500000000002 11665.500000000002 11592.000000000002 10283.500000000002
decision_type=2 2 2 2 2 2 2
left_child=1 2 3 4 5 6 -1
right_child=-2 -3 -4 -5 -6 -7 -8
leaf_value=-0.21821677851395344 0.82855156898498528 -1.5311018865758721 1.0394657880609686 -1.4451072950363157 1.4550517845153808 -1.0432975122779609 0.66878449192789735
leaf_weight=127 21 22 33 20 20 30 61
leaf_count=127 21 22 33 20 20 30 61
internal_value=2.27533e-11 -0.0555897 0.055961 -0.0698361 0.0457329 -0.0835624 0.0695868
internal_weight=334 313 291 258 238 218 188
internal_count=334 313 291 258 238 218 188
is_linear=0
shrinkage=0.03


Tree=260
num_leaves=10
num_cat=0
split_feature=14 14 11 11 0 10 0 11 11
split_gain=18640.8 42815.7 34636.8 32765.8 41420.4 37882.9 23171.5 56026.7 37051.9
threshold=831.59086800980356 908.90575444660965 14262.000000000002 12149.000000000002 17.500000000000004 11029.500000000002 17.500000000000004 10550.500000000002 10779.000000000002
decision_type=2 2 2 2 2 2 2 2 2
left_child=-1 -2 3 5 -5 6 7 -3 -8
right_child=1 2 -4 4 -6 -7 8 -9 -10
leaf_value=0.84400809027931911 -1.3677376733507429 -0.20922657736142475 1.0002858331203459 0.065191793305533263 -1.4281408095359802 1.2645457686548647 0.19065195121765136 1.2202231468172635 -1.4974325972524556
leaf_weight=22 21 90 30 35 32 23 25 34 22
leaf_count=22 21 90 30 35 32 23 25 34 22
internal_value=-5.8409e-09 -0.0595134 0.0348945 -0.07607 -0.648042 0.121467 -0.0322808 0.182719 -0.599515
internal_weight=334 312 291 261 67 194 171 124 47
internal_count=334 312 291 261 67 194 171 124 47
is_linear=0
shrinkage=0.03


Tree=261
num_leaves=10
num_cat=0
split_feature=14 14 11 11 15 0 14 12 10
split_gain=17539.2 40285.3 32589.8 30829.3 65158 38972.4 21406.5 58101.9 39161.7
threshold=831.59086800980356 908.90575444660965 14262.000000000002 12149.000000000002 9880.6845238095248 17.500000000000004 1140.7580938850276 9267.0000000000018 8992.0000000000018
decision_type=2 2 2 2 2 2 2 2 2
left_child=-1 -2 3 4 6 -5 8 -8 -3
right_child=1 2 -4 5 -6 -7 7 -9 -10
leaf_value=0.81868786941875116 -1.3267054710217885 1.3258166742324828 0.97027720832824704 0.063236042567661827 1.6169493755050326 -1.3852965724468231 0.47572569608688353 -1.7836261698177882 -0.11733581230857155
leaf_weight=22 21 20 30 35 23 32 20 21 110
leaf_count=22 21 20 30 35 23 32 20 21 110
internal_value=-6.58506e-10 -0.057728 0.0338477 -0.0737879 0.117823 -0.6286 -0.0838143 -0.681503 0.104688
internal_weight=334 312 291 261 194 67 171 41 130
internal_count=334 312 291 261 194 67 171 41 130
is_linear=0
shrinkage=0.03


Tree=262
num_leaves=10
num_cat=0
split_feature=14 14 11 14 2 12 3 14 5
split_gain=17315.8 30089.6 37416.4 56306.4 46304.8 34342.7 49452.3 113431 43580.4
threshold=898.02928702372367 955.44114249297684 14262.000000000002 1008.0883802752595 16.500000000000004 8260.0000000000018 4.5000000000000009 1065.9935280938357 1.0000000180025095e-35
decision_type=2 2 2 2 2 2 2 2 2
left_child=-1 -2 3 4 -3 -5 8 -8 -7
right_child=1 2 -4 5 -6 6 7 -9 -10
leaf_value=-0.61199375229912834 0.93031754526224997 -0.17342907298694957 1.0063597692336355 1.2104748773574829 -2.1428906871165547 -0.046871775563033118 0.51691740583289758 -2.6047476453781129 1.3688568329811097
leaf_weight=37 33 22 28 21 21 106 22 20 24
leaf_count=37 33 22 28 21 21 106 22 20 24
internal_value=-6.32006e-09 0.0762416 -0.0305178 -0.153537 -1.13526 0.0651884 -0.0746431 -0.96959 0.214494
internal_weight=334 297 264 236 43 193 172 42 130
internal_count=334 297 264 236 43 193 172 42 130
is_linear=0
shrinkage=0.03


Tree=263
num_leaves=13
num_cat=0
split_feature=14 2 12 16 16 2 16 6 11 15 14 14
split_gain=17658.1 152459 35410.1 72099.8 52881.4 52488.8 35572.5 34302.4 55120.7 62864 44368.2 40681.5
threshold=1177.8892775797633 15.500000000000002 11592.000000000002 1218.2945414006062 1149.7927858950925 11.500000000000002 1306.2868312471742 -0.98296291314453399 10550.500000000002 8815.9047619047651 1106.373425572752 1058.721499065952
decision_type=2 2 2 2 2 2 2 2 2 2 2 2
left_child=2 -2 3 7 -4 -6 -7 10 9 11 -1 -9
right_child=1 -3 4 -5 5 6 -8 8 -10 -11 -12 -13
leaf_value=-1.1885881840098989 1.4055476095365442 -1.7569665303300408 -1.7541739139556884 1.9447734676707873 -1.1278546659648416 1.4692736475576054 -0.23673875895413485 1.3976913665641437 1.7598810043931006 -0.86780478856048071 0.60211305141448968 -0.26776345057920975
leaf_weight=33 23 34 20 22 24 22 22 33 22 37 20 22
leaf_count=33 23 34 20 22 24 22 22 33 22 37 20 22
internal_value=4.86117e-09 -0.480864 0.0989504 0.330399 -0.398139 0.000694935 0.616267 0.117727 0.410891 0.088307 -0.512852 0.731509
internal_weight=334 57 277 189 88 68 44 167 114 92 53 55
internal_count=334 57 277 189 88 68 44 167 114 92 53 55
is_linear=0
shrinkage=0.03


Tree=264
num_leaves=10
num_cat=0
split_feature=14 14 1 15 15 2 1 14 2
split_gain=18074.1 36784.4 30279.7 48941 53457.6 38353.3 21926.7 49355.8 15561.2
threshold=831.59086800980356 908.90575444660965 4.5000000000000009 12624.54761904762 11426.919642857145 13.500000000000002 3.5000000000000004 1043.9312661273532 21.500000000000004
decision_type=2 2 2 2 2 2 2 2 2
left_child=-1 -2 3 4 6 -4 7 -3 -7
right_child=1 2 5 -5 -6 8 -8 -9 -10
leaf_value=0.83107871922579679 -1.2711877475466047 0.84527839865003307 -0.21151001125574112 -1.2112812534245576 1.2765413178337945 1.7736310602128504 -0.91314409190210799 -0.40468130236322231 0.59020094919204713
leaf_weight=22 21 42 32 33 27 20 29 88 20
leaf_count=22 21 42 32 33 27 20 29 88 20
internal_value=7.90743e-09 -0.0586017 0.0289045 -0.146562 0.0423397 0.562616 -0.167242 -0.000848168 1.18192
internal_weight=334 312 291 219 186 72 159 130 40
internal_count=334 312 291 219 186 72 159 130 40
is_linear=0
shrinkage=0.03


Tree=265
num_leaves=11
num_cat=0
split_feature=14 14 1 13 13 6 2 13 12 12
split_gain=17273.6 30549.6 39071.1 70493 70837.5 27959.2 24154.2 38303.1 27706.2 19752
threshold=841.20495209990247 941.07109058033245 4.5000000000000009 12784.60416666667 11818.270833333334 -0.98296291314453399 22.500000000000004 9000.9375000000018 9346.5000000000018 11166.000000000002
decision_type=2 2 2 2 2 2 2 2 2 2
left_child=-1 -2 3 4 6 -4 7 -3 -8 -7
right_child=1 2 5 -5 -6 9 8 -9 -10 -11
leaf_value=0.75848883075714113 -0.88280450592438375 -1.2494762655008922 1.4732910564422605 -1.5272756197534758 1.7041361345563615 0.84299225807189937 -0.39232321960585453 -0.027866898341612382 1.0727596411338218 -0.47433672505617142
leaf_weight=25 36 33 25 29 21 21 21 77 26 20
leaf_count=25 36 33 25 29 21 21 21 77 26 20
internal_value=-3.40764e-09 -0.0613664 0.0469551 -0.155699 0.0677604 0.682551 -0.151118 -0.39435 0.418148 0.200393
internal_weight=334 309 273 207 178 66 157 110 47 41
internal_count=334 309 273 207 178 66 157 110 47 41
is_linear=0
shrinkage=0.03


Tree=266
num_leaves=10
num_cat=0
split_feature=14 13 14 6 14 13 14 13 14
split_gain=16252.8 29093.4 24543.5 65550 35385.7 69438.3 107153 29894.6 27844.3
threshold=841.20495209990247 8475.1458333333358 966.86562189006997 -0.9159756150367534 990.57612659863037 12784.60416666667 1207.2759998625536 10644.125000000002 1106.373425572752
decision_type=2 2 2 2 2 2 2 2 2
left_child=-1 -2 3 -3 -4 6 7 -6 -7
right_child=1 2 4 -5 5 8 -8 -9 -10
leaf_value=0.73573415966033928 -1.0860240828472636 -1.7866625892032275 1.3501450256109238 0.5291918095675382 0.19056687703186817 -0.30759024524688722 2.1952895815994427 -0.90502203007539117 -1.890621512889862
leaf_weight=25 23 22 20 22 132 20 23 27 20
leaf_count=25 23 22 20 22 132 20 23 27 20
internal_value=4.83975e-09 -0.0595254 0.0230252 -0.628735 0.141527 0.0326426 0.281379 0.00452348 -1.09911
internal_weight=334 309 286 44 242 222 182 159 40
internal_count=334 309 286 44 242 222 182 159 40
is_linear=0
shrinkage=0.03


Tree=267
num_leaves=9
num_cat=0
split_feature=14 2 10 10 15 10 3 14
split_gain=16691.8 139375 35388.3 40632.9 27447.8 62162 37823.3 42016.3
threshold=1177.8892775797633 15.500000000000002 14116.500000000002 8992.0000000000018 8665.7500000000018 9312.0000000000018 4.5000000000000009 1113.3453269621975
decision_type=2 2 2 2 2 2 2 2
left_child=2 -2 3 -1 -5 -6 7 -7
right_child=1 -3 -4 4 5 6 -8 -9
leaf_value=1.0537772063551278 1.3361283641276152 -1.6876388964582891 1.2506408656727184 0.86770792137492792 -1.7935313831056867 -0.58935357187716464 0.9445377782412937 0.47294161389068679
leaf_weight=29 23 34 22 22 21 106 28 49
leaf_count=29 23 34 22 22 21 106 28 49
internal_value=4.19731e-09 -0.467522 0.096205 -0.00339344 -0.139048 -0.24762 -0.0702201 -0.253531
internal_weight=334 57 277 255 226 204 183 155
internal_count=334 57 277 255 226 204 183 155
is_linear=0
shrinkage=0.03


Tree=268
num_leaves=8
num_cat=0
split_feature=13 10 10 11 10 12 12
split_gain=16334.3 54552.2 38388.6 42286.2 46084.5 31938 30838.2
threshold=13674.16666666667 13997.000000000002 12527.500000000002 12720.500000000002 11665.500000000002 11592.000000000002 10283.500000000002
decision_type=2 2 2 2 2 2 2
left_child=1 2 3 4 5 6 -1
right_child=-2 -3 -4 -5 -6 -7 -8
leaf_value=-0.20501644991279586 0.80995427267892017 -1.4947665804082697 1.0180049896240235 -1.3935790929794312 1.4208968868255614 -0.99278550934791565 0.61567146654988891
leaf_weight=127 21 22 33 20 20 30 61
leaf_count=127 21 22 33 20 20 30 61
internal_value=1.59273e-09 -0.054342 0.0545561 -0.0686757 0.0426607 -0.083783 0.0612706
internal_weight=334 313 291 258 238 218 188
internal_count=334 313 291 258 238 218 188
is_linear=0
shrinkage=0.03


Tree=269
num_leaves=10
num_cat=0
split_feature=15 16 13 15 13 15 6 0 2
split_gain=15370.4 50329.3 59877.2 51517.9 60063.1 29327.5 28048.1 46882 26058.5
threshold=13042.535714285716 1294.5984759989112 11946.85416666667 10772.90773809524 9895.1875000000018 12267.866071428574 -0.98296291314453399 14.000000000000002 16.500000000000004
decision_type=2 2 2 2 2 2 2 2 2
left_child=1 2 3 4 6 -3 8 -8 -1
right_child=-2 5 -4 -5 -6 -7 7 -9 -10
leaf_value=-0.024389544868469237 0.61463423208756873 -0.085376627963522203 1.4473141437106662 -1.5013774720430375 1.5377626381749692 -1.4992501111184398 -0.24529935248534787 0.99337777233123781 -1.4083339767158032
leaf_weight=25 33 23 27 20 23 31 88 40 24
leaf_count=25 33 23 27 20 23 31 88 40 24
internal_value=2.09598e-09 -0.0673851 0.113998 -0.0496363 0.0955378 -0.897045 -0.09187 0.141787 -0.70224
internal_weight=334 301 247 220 200 54 177 128 49
internal_count=334 301 247 220 200 54 177 128 49
is_linear=0
shrinkage=0.03


Tree=270
num_leaves=9
num_cat=0
split_feature=14 12 12 15 11 11 11 11
split_gain=15880.1 31250.3 39290.7 70620.7 59880 37976.4 44494.2 21224.5
threshold=898.02928702372367 13472.500000000002 11917.000000000002 12290.372023809525 13852.500000000002 11359.500000000002 10989.500000000002 10703.500000000002
decision_type=2 2 2 2 2 2 2 2
left_child=-1 2 4 -4 5 6 7 -2
right_child=1 -3 3 -5 -6 -7 -8 -9
leaf_value=-0.58607425535047375 0.10653371021026321 0.90160092035929362 0.35407529112696645 -2.1670077395439149 1.6392719187055314 -0.91236801508310683 1.3751291177583775 -0.92794331141880571
leaf_weight=37 119 36 20 20 21 37 23 21
leaf_count=37 119 36 20 20 21 37 23 21
internal_value=6.39233e-09 0.0730126 -0.0412754 -0.906466 0.11532 -0.0446947 0.152262 -0.0486378
internal_weight=334 297 261 40 221 200 163 140
internal_count=334 297 261 40 221 200 163 140
is_linear=0
shrinkage=0.03


Tree=271
num_leaves=10
num_cat=0
split_feature=14 14 1 13 10 2 14 14 16
split_gain=16409.1 28089.2 36588 63755.3 67146.9 26920.6 24170.7 39720.2 12093.9
threshold=841.20495209990247 941.07109058033245 4.5000000000000009 12784.60416666667 11940.500000000002 13.500000000000002 1159.3246417172079 1004.6714886126217 1178.4912047445514
decision_type=2 2 2 2 2 2 2 2 2
left_child=-1 -2 3 4 6 -4 7 -3 -8
right_child=1 2 5 -5 -6 -7 8 -9 -10
leaf_value=0.7392636743545532 -0.84747651418050129 -1.0187181806564329 -0.025250454771107642 -1.4564340349723552 1.5730682970129926 1.1955250962118844 -0.24456021291017532 0.35648132732744964 -1.2638628413460471
leaf_weight=25 36 24 29 29 23 37 20 89 22
leaf_count=25 36 24 29 29 23 37 20 89 22
internal_value=4.68717e-09 -0.059811 0.044057 -0.152051 0.0604606 0.659124 -0.163991 0.0644036 -0.778481
internal_weight=334 309 273 207 178 66 155 113 42
internal_count=334 309 273 207 178 66 155 113 42
is_linear=0
shrinkage=0.03


Tree=272
num_leaves=10
num_cat=0
split_feature=13 10 11 2 1 2 12 12 16
split_gain=15925 53057.3 37779.8 28363.6 35136 29932.1 52387.8 37984.7 30602.2
threshold=13674.16666666667 13997.000000000002 13442.000000000002 4.5000000000000009 3.5000000000000004 11.500000000000002 9032.5000000000018 8501.5000000000018 1294.5984759989112
decision_type=2 2 2 2 2 2 2 2 2
left_child=1 2 3 4 -1 6 -5 -7 -9
right_child=-2 -3 -4 5 -6 7 -8 8 -10
leaf_value=-0.11861951638013124 0.79974180357796809 -1.4742078651081432 1.2794181850978306 0.45225236606597902 1.5839420778751372 -0.84428076227505999 -1.4627278133233388 0.4704456615174582 -0.69332305412292483
leaf_weight=24 21 22 21 20 20 36 36 109 25
leaf_count=24 21 22 21 20 20 36 36 109 25
internal_value=-2.25659e-09 -0.0536568 0.0537388 -0.0415918 0.655272 -0.177264 -0.778806 0.0208905 0.253325
internal_weight=334 313 291 270 44 226 56 170 134
internal_count=334 313 291 270 44 226 56 170 134
is_linear=0
shrinkage=0.03


Tree=273
num_leaves=13
num_cat=0
split_feature=12 10 13 11 10 12 12 10 10 11 10 14
split_gain=15422.6 59159.7 55894.9 107795 73566.6 33593.9 56754.8 105420 55454.2 30372.8 26176.6 11284.5
threshold=10954.000000000002 11104.500000000002 12563.47916666667 14382.500000000002 12185.500000000002 10283.500000000002 9209.0000000000018 9146.5000000000018 10203.500000000002 10730.500000000002 10766.500000000002 1064.209849742884
decision_type=2 2 2 2 2 2 2 2 2 2 2 2
left_child=1 5 4 -4 10 6 7 -1 -9 -10 -2 -7
right_child=2 -3 3 -5 -6 11 -8 8 9 -11 -12 -13
leaf_value=1.8420835252241654 -0.92425391769409182 1.4776320669386123 -0.0049628711391139666 -2.7386067652702328 1.6994415801504383 1.1047761666774749 -1.64037972924502 -1.4904644770006978 0.99013354097093853 -0.60492491711269725 0.30016541177576239 0.15251933642796106
leaf_weight=22 30 27 37 20 23 24 23 31 21 22 33 21
leaf_count=22 30 27 37 20 23 24 23 31 21 22 33 21
internal_value=-9.23515e-09 0.176391 -0.2356 -0.964136 0.247267 -0.0378372 -0.301873 0.0188114 -0.523242 0.174057 -0.282891 0.66039
internal_weight=334 191 143 57 86 164 119 96 74 43 63 45
internal_count=334 191 143 57 86 164 119 96 74 43 63 45
is_linear=0
shrinkage=0.03


Tree=274
num_leaves=10
num_cat=0
split_feature=13 0 11 2 14 0 14 2 11
split_gain=16122.7 49915.1 32693.4 28983.5 31255.4 38707.5 75922.3 47188.8 27334.3
threshold=13674.16666666667 18.500000000000004 13442.000000000002 4.5000000000000009 1159.3246417172079 17.500000000000004 1041.4719188023221 11.500000000000002 10989.500000000002
decision_type=2 2 2 2 2 2 2 2 2
left_child=1 2 3 8 5 7 -7 -5 -1
right_child=-2 -3 -4 4 -6 6 -8 -9 -10
leaf_value=-0.035468262108889488 0.80469138281685959 -1.2626613771915436 1.1757103365117854 -0.71383801370859146 -0.93617610807602214 -2.1405710420608521 0.18885221263941596 0.6164176594465971 1.496935429573059
leaf_weight=22 21 28 22 32 39 20 34 96 20
leaf_count=22 21 28 22 32 39 20 34 96 20
internal_value=-7.54873e-10 -0.0539889 0.0647579 -0.0281735 -0.165466 -0.000314103 -0.673897 0.283854 0.694248
internal_weight=334 313 285 263 221 182 54 128 42
internal_count=334 313 285 263 221 182 54 128 42
is_linear=0
shrinkage=0.03


Tree=275
num_leaves=14
num_cat=0
split_feature=12 16 11 16 16 16 16 16 11 14 11 12 16
split_gain=15186.5 57961.4 47334.6 35429.7 64325.4 39646.3 47637.9 27470.4 52713.9 46977.4 45210.5 20268.2 6210.49
threshold=10954.000000000002 1218.2945414006062 14382.500000000002 1339.5841869854858 1587.8752300712104 1232.1925967442623 1149.7927858950925 1143.3494428984693 10515.500000000002 1097.9498314933219 10199.500000000002 10181.500000000002 1167.3052342014792
decision_type=2 2 2 2 2 2 2 2 2 2 2 2 2
left_child=1 7 3 5 -5 6 -2 8 9 10 11 -1 -9
right_child=2 -3 -4 4 -6 -7 -8 12 -10 -11 -12 -13 -14
leaf_value=1.5204008932113646 -0.91057700991630552 1.6619602639334541 -1.5493562289646694 1.8722927522659303 -0.47581498827253071 -1.3402394997156581 0.88262103629112243 -0.93549480117284334 1.3452336218439298 -1.2632335524260998 -0.85133055437694893 0.26998350518090386 -0.24185052360807147
leaf_weight=20 24 21 21 21 21 26 30 26 29 24 22 28 21
leaf_count=20 24 21 21 21 21 26 30 26 29 24 22 28 21
internal_value=4.1866e-09 0.175036 -0.233789 -0.00733944 0.698239 -0.377768 0.0856441 -0.00864278 0.227093 -0.117865 0.274833 0.790991 -0.625569
internal_weight=334 191 143 122 42 80 54 170 123 94 70 48 47
internal_count=334 191 143 122 42 80 54 170 123 94 70 48 47
is_linear=0
shrinkage=0.03


Tree=276
num_leaves=8
num_cat=0
split_feature=14 14 15 15 10 14 12
split_gain=15314.3 28901.1 39972.7 67368.6 84706.1 54589.6 25479.6
threshold=898.02928702372367 955.44114249297684 13042.535714285716 12104.199404761906 11872.500000000002 994.93336081656605 8260.0000000000018
decision_type=2 2 2 2 2 2 2
left_child=-1 -2 3 4 5 -3 -7
right_child=1 2 -4 -5 -6 6 -8
leaf_value=-0.57553729920773899 0.90873819177800952 -1.5245429451957992 1.0839409347680897 -1.3704988910130091 1.8123940996690229 0.93996042847633354 -0.12146056390520352
leaf_weight=37 33 23 26 35 22 24 134
leaf_count=37 33 23 26 35 22 24 134
internal_value=1.64627e-09 0.0716999 -0.0329298 -0.154941 0.054638 -0.159012 0.0397679
internal_weight=334 297 264 238 203 181 158
internal_count=334 297 264 238 203 181 158
is_linear=0
shrinkage=0.03


Tree=277
num_leaves=10
num_cat=0
split_feature=14 13 14 6 14 13 14 13 15
split_gain=15962.7 27827.4 22734.8 59357.3 34115.6 59643.9 97928.9 29891.2 26277
threshold=841.20495209990247 8475.1458333333358 966.86562189006997 -0.9159756150367534 990.57612659863037 12784.60416666667 1207.2759998625536 10644.125000000002 12772.419642857143
decision_type=2 2 2 2 2 2 2 2 2
left_child=-1 -2 3 -3 -4 6 7 -6 -7
right_child=1 2 4 -5 5 8 -8 -9 -10
leaf_value=0.7291390480041503 -1.0629075361334759 -1.7074160713499242 1.3225238952040672 0.49633129575035789 0.18077072899449953 -0.2511011667251587 2.0890910914669867 -0.91475436634487572 -1.7889327735900877
leaf_weight=25 23 22 20 22 132 20 23 27 20
leaf_count=25 23 22 20 22 132 20 23 27 20
internal_value=1.02791e-09 -0.0589918 0.0217426 -0.605542 0.135794 0.0288819 0.259409 -0.00526183 -1.02002
internal_weight=334 309 286 44 242 222 182 159 40
internal_count=334 309 286 44 242 222 182 159 40
is_linear=0
shrinkage=0.03


end of trees

feature_importances:
demand_lag_1=732
demand_lag_168=312
demand_roll_std_24=311
demand_roll_mean_24=299
demand_lag_24=218
day=196
demand_roll_mean_168=196
demand_roll_std_168=157
hour=124
dayofweek=121
hour_sin=118
month=80
is_weekend=45
month_sin=17
hour_cos=11
month_cos=11
year=3

parameters:
[boosting: gbdt]
[objective: regression]
[metric: l2]
[tree_learner: serial]
[device_type: cpu]
[data_sample_strategy: bagging]
[data: ]
[valid: ]
[num_iterations: 500]
[learning_rate: 0.03]
[num_leaves: 63]
[num_threads: 8]
[seed: 42]
[deterministic: 0]
[force_col_wise: 0]
[force_row_wise: 0]
[histogram_pool_size: -1]
[max_depth: 7]
[min_data_in_leaf: 20]
[min_sum_hessian_in_leaf: 0.001]
[bagging_fraction: 0.8]
[pos_bagging_fraction: 1]
[neg_bagging_fraction: 1]
[bagging_freq: 0]
[bagging_seed: 400]
[bagging_by_query: 0]
[feature_fraction: 0.8]
[feature_fraction_bynode: 1]
[feature_fraction_seed: 30056]
[extra_trees: 0]
[extra_seed: 12879]
[early_stopping_round: 0]
[early_stopping_min_delta: 0]
[first_metric_only: 0]
[max_delta_step: 0]
[lambda_l1: 0]
[lambda_l2: 0]
[linear_lambda: 0]
[min_gain_to_split: 0]
[drop_rate: 0.1]
[max_drop: 50]
[skip_drop: 0.5]
[xgboost_dart_mode: 0]
[uniform_drop: 0]
[drop_seed: 17869]
[top_rate: 0.2]
[other_rate: 0.1]
[min_data_per_group: 100]
[max_cat_threshold: 32]
[cat_l2: 10]
[cat_smooth: 10]
[max_cat_to_onehot: 4]
[top_k: 20]
[monotone_constraints: ]
[monotone_constraints_method: basic]
[monotone_penalty: 0]
[feature_contri: ]
[forcedsplits_filename: ]
[refit_decay_rate: 0.9]
[cegb_tradeoff: 1]
[cegb_penalty_split: 0]
[cegb_penalty_feature_lazy: ]
[cegb_penalty_feature_coupled: ]
[path_smooth: 0]
[interaction_constraints: ]
[verbosity: -1]
[saved_feature_importance_type: 0]
[use_quantized_grad: 0]
[num_grad_quant_bins: 4]
[quant_train_renew_leaf: 0]
[stochastic_rounding: 1]
[linear_tree: 0]
[max_bin: 255]
[max_bin_by_feature: ]
[min_data_in_bin: 3]
[bin_construct_sample_cnt: 200000]
[data_random_seed: 175]
[is_enable_sparse: 1]
[enable_bundle: 1]
[use_missing: 1]
[zero_as_missing: 0]
[feature_pre_filter: 1]
[pre_partition: 0]
[two_round: 0]
[header: 0]
[label_column: ]
[weight_column: ]
[group_column: ]
[ignore_column: ]
[categorical_feature: ]
[forcedbins_filename: ]
[precise_float_parser: 0]
[parser_config_file: ]
[objective_seed: 16083]
[num_class: 1]
[is_unbalance: 0]
[scale_pos_weight: 1]
[sigmoid: 1]
[boost_from_average: 1]
[reg_sqrt: 0]
[alpha: 0.9]
[fair_c: 1]
[poisson_max_delta_step: 0.7]
[tweedie_variance_power: 1.5]
[lambdarank_truncation_level: 30]
[lambdarank_norm: 1]
[label_gain: ]
[lambdarank_position_bias_regularization: 0]
[eval_at: ]
[multi_error_top_k: 1]
[auc_mu_weights: ]
[num_machines: 1]
[local_listen_port: 12400]
[time_out: 120]
[machine_list_filename: ]
[machines: ]
[gpu_platform_id: -1]
[gpu_device_id: -1]
[gpu_device_id_list: ]
[gpu_use_dp: 0]
[num_gpu: 1]

end of parameters

pandas_categorical:[]
